0,5775,1,yourself point sound,https://placekitten.com/761/911
1,603,2,several smile government,https://placeimg.com/912/330/any
2,986,3,theory pattern significant,https://dummyimage.com/982x633
3,6667,4,any option radio,https://placeimg.com/217/279/any
4,8959,5,amount wrong charge,https://dummyimage.com/74x8
5,8504,6,camera once hotel,https://placeimg.com/671/294/any
6,4029,7,social perhaps growth,https://placekitten.com/866/570
7,5961,8,its memory ok,https://placeimg.com/104/856/any
8,6858,9,art PM leg,https://dummyimage.com/151x10
9,3262,10,like amount relationship,https://placeimg.com/595/732/any
10,5166,11,computer nation south,https://placeimg.com/136/176/any
11,7277,12,leave reflect identify,https://dummyimage.com/734x296
12,6708,13,mouth could staff,https://dummyimage.com/783x23
13,8919,14,across quickly lot,https://placekitten.com/355/956
14,5421,15,effort personal street,https://www.lorempixel.com/276/110
15,401,16,position somebody president,https://placekitten.com/804/190
16,4263,17,factor thus two,https://placeimg.com/905/442/any
17,6632,18,we sea seem,https://dummyimage.com/597x148
18,5643,19,light too growth,https://www.lorempixel.com/413/1020
19,977,20,officer bring possible,https://placeimg.com/808/466/any
20,5852,21,visit quite trip,https://dummyimage.com/158x804
21,4091,22,truth state mission,https://dummyimage.com/488x286
22,7442,23,dark future century,https://dummyimage.com/267x815
23,5020,24,return music say,https://placekitten.com/459/295
24,8501,25,property almost father,https://placeimg.com/249/557/any
25,6372,26,sure front audience,https://www.lorempixel.com/756/965
26,1846,27,off defense class,https://placekitten.com/769/132
27,2357,28,end economic wall,https://www.lorempixel.com/801/893
28,9374,29,relate same determine,https://dummyimage.com/50x60
29,9777,30,two paper blood,https://placeimg.com/712/744/any
30,6301,31,dream consider party,https://placekitten.com/32/723
31,9707,32,you TV interview,https://dummyimage.com/259x317
32,4357,33,itself simple good,https://placekitten.com/64/808
33,6620,34,measure today section,https://dummyimage.com/792x239
34,9603,35,fine trouble federal,https://placekitten.com/541/642
35,663,36,field cause religious,https://dummyimage.com/19x675
36,6827,37,wonder Congress drug,https://placekitten.com/460/429
37,2436,38,ability base single,https://dummyimage.com/403x378
38,4478,39,factor trouble natural,https://dummyimage.com/426x159
39,7451,40,health author special,https://www.lorempixel.com/277/719
40,5747,41,school according bed,https://placeimg.com/292/721/any
41,3384,42,marriage night under,https://www.lorempixel.com/240/87
42,9267,43,lay finish answer,https://www.lorempixel.com/219/806
43,5017,44,allow its cover,https://placeimg.com/778/642/any
44,9907,45,author account until,https://placeimg.com/942/183/any
45,558,46,say quickly detail,https://placekitten.com/87/892
46,2297,47,make never voice,https://dummyimage.com/94x957
47,7302,48,mother check air,https://dummyimage.com/438x975
48,1054,49,play cost across,https://placeimg.com/445/333/any
49,3380,50,day capital small,https://dummyimage.com/510x216
50,546,51,white perhaps you,https://placeimg.com/871/203/any
51,8706,52,role stock account,https://www.lorempixel.com/424/601
52,5208,53,today evidence truth,https://placeimg.com/548/232/any
53,5893,54,throw everything serve,https://placeimg.com/237/344/any
54,5678,55,week we reality,https://placekitten.com/489/834
55,9162,56,hope item room,https://www.lorempixel.com/278/89
56,9466,57,Democrat lot model,https://placeimg.com/1005/925/any
57,5062,58,area season event,https://placeimg.com/812/663/any
58,875,59,clearly middle bit,https://dummyimage.com/516x700
59,8594,60,participant glass democratic,https://dummyimage.com/188x724
60,755,61,yes mission blood,https://placeimg.com/806/990/any
61,8450,62,whole almost interest,https://placekitten.com/639/813
62,9397,63,eat price here,https://www.lorempixel.com/283/562
63,8859,64,listen travel student,https://placekitten.com/57/542
64,6593,65,director feeling main,https://placekitten.com/982/928
65,5930,66,reason radio mission,https://dummyimage.com/444x885
66,4696,67,conference or feel,https://www.lorempixel.com/848/662
67,9476,68,crime note early,https://www.lorempixel.com/985/444
68,5528,69,its catch finally,https://placekitten.com/7/894
69,2716,70,small production within,https://dummyimage.com/719x805
70,3160,71,leave finish can,https://dummyimage.com/8x48
71,3191,72,capital down scene,https://placekitten.com/896/101
72,8746,73,choice long size,https://dummyimage.com/646x896
73,2688,74,something begin pass,https://placekitten.com/129/304
74,460,75,experience writer try,https://www.lorempixel.com/425/151
75,6173,76,method special impact,https://dummyimage.com/520x648
76,5161,77,case action late,https://www.lorempixel.com/1002/35
77,7024,78,evening adult any,https://dummyimage.com/702x535
78,5498,79,should fast some,https://www.lorempixel.com/664/552
79,8006,80,rate letter building,https://www.lorempixel.com/551/612
80,2125,81,if across month,https://dummyimage.com/969x495
81,7834,82,fill feeling during,https://placeimg.com/543/602/any
82,3350,83,us believe author,https://dummyimage.com/617x879
83,5271,84,yard dark add,https://placekitten.com/106/279
84,7590,85,he that without,https://placekitten.com/234/263
85,270,86,red value area,https://dummyimage.com/677x53
86,6520,87,agree spring exist,https://placekitten.com/72/1
87,8831,88,yes sing continue,https://placeimg.com/814/1014/any
88,6176,89,street tend thus,https://placekitten.com/516/973
89,3300,90,conference technology character,https://placekitten.com/682/803
90,4019,91,expert usually race,https://placeimg.com/526/553/any
91,9355,92,wind church very,https://placeimg.com/311/833/any
92,7286,93,treatment generation professor,https://placekitten.com/27/560
93,1089,94,year general society,https://placekitten.com/107/357
94,6533,95,senior player friend,https://placekitten.com/588/688
95,9331,96,free then time,https://placekitten.com/328/467
96,8270,97,now new strategy,https://dummyimage.com/378x689
97,4218,98,lead many into,https://placeimg.com/852/367/any
98,3498,99,game idea manager,https://www.lorempixel.com/932/297
99,8340,100,little seat direction,https://placeimg.com/934/644/any
100,948,101,conference other east,https://placekitten.com/578/779
101,9237,102,brother practice easy,https://placeimg.com/217/722/any
102,721,103,work system friend,https://www.lorempixel.com/984/726
103,2428,104,break general voice,https://www.lorempixel.com/456/728
104,3043,105,industry small gas,https://placeimg.com/864/235/any
105,1980,106,space itself through,https://www.lorempixel.com/508/116
106,5123,107,push executive ten,https://placeimg.com/557/35/any
107,8339,108,all choice other,https://placekitten.com/1022/266
108,5172,109,how matter last,https://dummyimage.com/150x733
109,1529,110,mean do five,https://placeimg.com/738/15/any
110,1210,111,find list individual,https://dummyimage.com/152x250
111,271,112,memory hospital much,https://www.lorempixel.com/921/1012
112,7051,113,else reflect movie,https://dummyimage.com/356x241
113,6407,114,baby exist mouth,https://placeimg.com/592/786/any
114,5906,115,control trip light,https://www.lorempixel.com/747/656
115,198,116,her character nearly,https://placekitten.com/638/544
116,583,117,section five technology,https://www.lorempixel.com/710/778
117,1875,118,probably window fund,https://dummyimage.com/271x634
118,8261,119,team yet feeling,https://placeimg.com/938/536/any
119,4167,120,share one fight,https://placeimg.com/525/679/any
120,7087,121,high national work,https://placekitten.com/733/474
121,4549,122,woman have model,https://placeimg.com/268/727/any
122,1672,123,by team police,https://placeimg.com/353/527/any
123,557,124,magazine own decision,https://placeimg.com/1008/166/any
124,6680,125,physical red detail,https://placekitten.com/522/818
125,1385,126,training break report,https://placekitten.com/224/62
126,546,127,main room doctor,https://dummyimage.com/824x15
127,5579,128,art staff activity,https://placeimg.com/950/94/any
128,922,129,forget consider citizen,https://www.lorempixel.com/712/331
129,5088,130,off leave whether,https://placekitten.com/161/1021
130,8377,131,cell free and,https://placeimg.com/616/639/any
131,6895,132,raise produce story,https://placeimg.com/1013/424/any
132,699,133,base half act,https://placeimg.com/965/55/any
133,8586,134,article production happy,https://placekitten.com/900/121
134,8784,135,line trade reduce,https://www.lorempixel.com/532/817
135,1570,136,improve land agree,https://www.lorempixel.com/179/190
136,6729,137,important truth both,https://dummyimage.com/183x688
137,4080,138,law I reflect,https://dummyimage.com/999x249
138,8769,139,kid situation feel,https://placekitten.com/31/592
139,3032,140,case if outside,https://placekitten.com/842/192
140,7365,141,week past bad,https://dummyimage.com/1021x493
141,7041,142,sit want guy,https://placeimg.com/498/142/any
142,5244,143,yourself set board,https://placeimg.com/304/176/any
143,9057,144,happen military both,https://placeimg.com/729/434/any
144,7252,145,catch since trip,https://placekitten.com/424/996
145,1761,146,light majority even,https://placekitten.com/574/529
146,1033,147,best management peace,https://placeimg.com/448/239/any
147,1708,148,ball drug would,https://www.lorempixel.com/191/67
148,3150,149,fill fear capital,https://www.lorempixel.com/586/276
149,9669,150,fear again near,https://placeimg.com/164/535/any
150,7446,151,relationship common summer,https://dummyimage.com/582x309
151,1374,152,add rather and,https://dummyimage.com/38x347
152,3049,153,plant already her,https://placekitten.com/548/698
153,8664,154,each successful role,https://www.lorempixel.com/576/81
154,7721,155,discover determine guy,https://www.lorempixel.com/911/848
155,8729,156,stuff mention south,https://placekitten.com/852/991
156,1986,157,record create mother,https://placeimg.com/453/620/any
157,4880,158,others late place,https://dummyimage.com/939x953
158,4321,159,specific money your,https://placeimg.com/182/511/any
159,1723,160,behind step give,https://placeimg.com/714/415/any
160,2787,161,figure write drop,https://placeimg.com/724/43/any
161,1690,162,into firm painting,https://dummyimage.com/604x279
162,3438,163,agreement indicate chance,https://placeimg.com/201/423/any
163,9326,164,production single south,https://placekitten.com/209/947
164,6893,165,official foreign cold,https://placeimg.com/147/421/any
165,9581,166,want bag series,https://dummyimage.com/594x555
166,8524,167,manage popular begin,https://www.lorempixel.com/625/769
167,1938,168,option across arm,https://www.lorempixel.com/240/552
168,4927,169,also what under,https://www.lorempixel.com/275/600
169,5652,170,rate although accept,https://placeimg.com/747/854/any
170,5786,171,inside site agreement,https://www.lorempixel.com/67/318
171,249,172,daughter project lay,https://dummyimage.com/774x405
172,7224,173,series call just,https://placeimg.com/593/786/any
173,7486,174,local choice turn,https://placeimg.com/97/150/any
174,1766,175,realize behind health,https://placeimg.com/444/950/any
175,2275,176,often perform Mrs,https://www.lorempixel.com/798/651
176,2479,177,think sister this,https://dummyimage.com/767x932
177,2187,178,environmental piece defense,https://dummyimage.com/700x351
178,2868,179,area public analysis,https://dummyimage.com/883x799
179,1707,180,find mission room,https://www.lorempixel.com/391/770
180,2789,181,carry station team,https://www.lorempixel.com/663/90
181,6028,182,concern official apply,https://placekitten.com/726/112
182,8859,183,mouth recent behavior,https://placeimg.com/282/64/any
183,9376,184,one wall cost,https://placeimg.com/1003/266/any
184,5478,185,huge list national,https://www.lorempixel.com/201/678
185,5508,186,test image among,https://placekitten.com/796/1002
186,1172,187,risk science simple,https://placeimg.com/886/936/any
187,7486,188,nature easy attorney,https://placekitten.com/525/861
188,5337,189,financial no follow,https://placekitten.com/350/706
189,1587,190,surface police decision,https://www.lorempixel.com/520/620
190,6415,191,about once to,https://placeimg.com/386/37/any
191,9348,192,hospital structure practice,https://dummyimage.com/789x933
192,7628,193,rule animal ball,https://dummyimage.com/632x927
193,8057,194,subject item care,https://dummyimage.com/162x804
194,7301,195,so that material,https://placekitten.com/768/480
195,8560,196,city their sense,https://placeimg.com/114/646/any
196,2719,197,state activity factor,https://placekitten.com/1008/158
197,2111,198,these they home,https://placekitten.com/369/586
198,5525,199,already true entire,https://placeimg.com/410/1022/any
199,2727,200,cultural vote something,https://placeimg.com/742/122/any
200,4082,201,believe role reach,https://www.lorempixel.com/635/524
201,6658,202,wind president study,https://placeimg.com/515/566/any
202,9181,203,yard theory up,https://placekitten.com/830/658
203,8996,204,college head relate,https://dummyimage.com/198x95
204,1755,205,month generation interest,https://placeimg.com/113/318/any
205,9496,206,star production teacher,https://placeimg.com/958/519/any
206,1079,207,some prepare then,https://dummyimage.com/940x618
207,9544,208,cup baby test,https://placekitten.com/540/688
208,7781,209,north degree site,https://dummyimage.com/259x164
209,1094,210,business spring cold,https://dummyimage.com/420x695
210,1628,211,quality week finish,https://placeimg.com/666/840/any
211,6428,212,herself part person,https://placeimg.com/896/608/any
212,6567,213,effect site idea,https://dummyimage.com/962x854
213,2815,214,smile high heavy,https://dummyimage.com/308x146
214,2881,215,environmental other expect,https://dummyimage.com/942x244
215,2111,216,take last manage,https://placekitten.com/911/110
216,3009,217,game husband task,https://www.lorempixel.com/45/675
217,5591,218,health executive debate,https://placeimg.com/900/476/any
218,3443,219,piece teacher church,https://placeimg.com/35/374/any
219,1651,220,price people way,https://dummyimage.com/481x499
220,5888,221,religious soon nation,https://www.lorempixel.com/90/1018
221,7218,222,eat remember spend,https://dummyimage.com/38x89
222,898,223,herself recognize decade,https://dummyimage.com/204x953
223,6081,224,bring remain affect,https://dummyimage.com/957x770
224,5803,225,cause history computer,https://placekitten.com/373/720
225,1790,226,mind assume field,https://placeimg.com/715/544/any
226,5018,227,for message real,https://placeimg.com/222/754/any
227,481,228,like boy minute,https://placeimg.com/604/281/any
228,4845,229,cause feel always,https://placeimg.com/881/493/any
229,2902,230,wait skill recognize,https://www.lorempixel.com/952/664
230,8950,231,we hand air,https://dummyimage.com/307x550
231,8928,232,benefit involve sometimes,https://www.lorempixel.com/688/498
232,5906,233,include hotel southern,https://www.lorempixel.com/884/982
233,3295,234,set although team,https://placeimg.com/965/157/any
234,6260,235,myself they boy,https://placekitten.com/43/595
235,9158,236,never question decision,https://dummyimage.com/196x1010
236,950,237,give exactly little,https://placekitten.com/399/652
237,304,238,ready very think,https://www.lorempixel.com/1008/938
238,7034,239,note effect task,https://placekitten.com/93/516
239,1343,240,home both anything,https://www.lorempixel.com/111/175
240,9546,241,buy fear face,https://dummyimage.com/234x268
241,7175,242,able training daughter,https://dummyimage.com/207x885
242,9144,243,sister upon man,https://dummyimage.com/268x415
243,5996,244,day action field,https://dummyimage.com/298x604
244,6170,245,staff yourself business,https://www.lorempixel.com/759/205
245,9962,246,carry cell per,https://placekitten.com/259/605
246,4800,247,increase statement office,https://dummyimage.com/319x924
247,827,248,culture better out,https://www.lorempixel.com/89/438
248,3316,249,rich collection performance,https://dummyimage.com/256x747
249,2947,250,social if that,https://dummyimage.com/386x777
250,5989,251,measure later case,https://placekitten.com/453/631
251,7859,252,environmental than step,https://placekitten.com/677/817
252,6056,253,fear most hard,https://placeimg.com/30/330/any
253,1822,254,teacher fall check,https://placeimg.com/273/518/any
254,1524,255,between couple strong,https://www.lorempixel.com/746/440
255,6163,256,analysis happy Mr,https://placekitten.com/1016/319
256,8540,257,safe task high,https://placeimg.com/450/473/any
257,4159,258,with institution concern,https://placekitten.com/343/134
258,4307,259,care require standard,https://www.lorempixel.com/126/998
259,6842,260,build force apply,https://placekitten.com/679/138
260,2622,261,far save he,https://dummyimage.com/664x684
261,2348,262,list suddenly car,https://dummyimage.com/572x833
262,9672,263,I billion appear,https://placekitten.com/428/478
263,975,264,degree bring your,https://www.lorempixel.com/628/157
264,5794,265,he contain growth,https://placeimg.com/324/362/any
265,370,266,address bad even,https://placeimg.com/202/601/any
266,7151,267,significant impact agency,https://www.lorempixel.com/827/683
267,6144,268,building choose design,https://dummyimage.com/879x149
268,9061,269,among send radio,https://placeimg.com/63/748/any
269,5200,270,debate sell success,https://www.lorempixel.com/483/542
270,2863,271,huge arrive establish,https://placeimg.com/388/999/any
271,6128,272,thought growth give,https://www.lorempixel.com/578/689
272,4449,273,national able vote,https://www.lorempixel.com/934/227
273,1505,274,benefit over than,https://placeimg.com/368/287/any
274,2494,275,mission activity military,https://dummyimage.com/1023x75
275,3866,276,theory audience law,https://www.lorempixel.com/960/888
276,241,277,baby administration body,https://placeimg.com/492/558/any
277,7353,278,agree simple building,https://placekitten.com/936/1003
278,8658,279,research surface toward,https://dummyimage.com/615x298
279,9920,280,appear without impact,https://www.lorempixel.com/1003/422
280,4326,281,keep school according,https://www.lorempixel.com/471/760
281,9901,282,space star expect,https://www.lorempixel.com/593/96
282,4888,283,down contain deal,https://dummyimage.com/969x1022
283,3384,284,everything the letter,https://placekitten.com/226/320
284,2181,285,wife glass common,https://www.lorempixel.com/281/124
285,4837,286,black wind your,https://www.lorempixel.com/455/729
286,4920,287,sure she heart,https://placeimg.com/32/337/any
287,6812,288,hope today offer,https://placekitten.com/292/431
288,269,289,perhaps not choice,https://placeimg.com/701/272/any
289,2008,290,author fill goal,https://www.lorempixel.com/934/515
290,6367,291,example serve usually,https://www.lorempixel.com/785/98
291,3347,292,finish hair property,https://dummyimage.com/489x468
292,6436,293,myself weight gas,https://placeimg.com/538/488/any
293,629,294,season may reveal,https://placekitten.com/985/65
294,9025,295,executive system peace,https://www.lorempixel.com/522/16
295,9574,296,value its prepare,https://www.lorempixel.com/332/960
296,3740,297,myself head manage,https://placeimg.com/234/107/any
297,4809,298,many brother government,https://placekitten.com/520/938
298,5853,299,report list then,https://www.lorempixel.com/69/346
299,9457,300,Republican which there,https://placekitten.com/291/641
300,1936,301,hard perhaps produce,https://placeimg.com/965/810/any
301,2643,302,also employee science,https://placeimg.com/438/412/any
302,1172,303,outside huge particular,https://dummyimage.com/148x607
303,9976,304,official write huge,https://dummyimage.com/785x799
304,9745,305,approach line even,https://dummyimage.com/476x469
305,381,306,consumer around Congress,https://dummyimage.com/692x1020
306,3002,307,wear specific wall,https://www.lorempixel.com/335/153
307,9079,308,wrong together early,https://www.lorempixel.com/352/304
308,2320,309,PM kitchen trip,https://www.lorempixel.com/382/875
309,1020,310,traditional simply deal,https://www.lorempixel.com/450/664
310,1644,311,reality edge wear,https://placekitten.com/465/971
311,2748,312,scene nothing democratic,https://placekitten.com/444/599
312,9317,313,goal beautiful newspaper,https://www.lorempixel.com/206/308
313,9511,314,single government again,https://www.lorempixel.com/73/474
314,4930,315,fish place difficult,https://placeimg.com/134/976/any
315,7253,316,type civil general,https://dummyimage.com/66x154
316,411,317,firm middle you,https://placekitten.com/296/842
317,3301,318,tree lawyer owner,https://dummyimage.com/903x731
318,6532,319,surface site our,https://www.lorempixel.com/306/642
319,7176,320,candidate relate paper,https://placekitten.com/439/167
320,9502,321,area guess have,https://dummyimage.com/445x785
321,2800,322,agree Republican four,https://placeimg.com/680/694/any
322,9503,323,sound partner glass,https://placekitten.com/400/1012
323,8744,324,us international occur,https://www.lorempixel.com/658/839
324,937,325,evening officer example,https://dummyimage.com/351x539
325,8867,326,front less in,https://placeimg.com/14/865/any
326,3228,327,loss they form,https://placekitten.com/1001/242
327,7062,328,tonight friend wear,https://www.lorempixel.com/55/976
328,9705,329,certain own poor,https://dummyimage.com/368x873
329,9436,330,Mr agreement main,https://placeimg.com/677/429/any
330,5867,331,manage ok majority,https://placeimg.com/239/791/any
331,7592,332,star picture everything,https://www.lorempixel.com/704/585
332,1480,333,home send similar,https://placeimg.com/620/487/any
333,8411,334,hotel top own,https://dummyimage.com/158x816
334,214,335,partner artist old,https://www.lorempixel.com/123/136
335,8538,336,act seven development,https://placeimg.com/221/290/any
336,5422,337,believe major describe,https://dummyimage.com/399x421
337,1439,338,standard light help,https://placeimg.com/698/813/any
338,300,339,statement several each,https://dummyimage.com/524x661
339,1088,340,beautiful themselves become,https://placeimg.com/616/206/any
340,8662,341,present company class,https://www.lorempixel.com/995/343
341,8617,342,rather middle girl,https://www.lorempixel.com/291/717
342,825,343,green listen medical,https://www.lorempixel.com/820/177
343,5282,344,although particular dog,https://placekitten.com/361/590
344,2985,345,party there blue,https://placeimg.com/169/981/any
345,9528,346,occur learn produce,https://www.lorempixel.com/675/416
346,5892,347,group not away,https://placekitten.com/253/317
347,4381,348,word join rule,https://placekitten.com/407/55
348,8308,349,property fire throw,https://placekitten.com/776/1003
349,5253,350,on fact buy,https://dummyimage.com/788x40
350,1014,351,respond actually success,https://placeimg.com/915/570/any
351,2579,352,course project night,https://dummyimage.com/473x839
352,642,353,player already then,https://www.lorempixel.com/107/393
353,2034,354,girl just through,https://placekitten.com/906/216
354,7488,355,let hope tonight,https://dummyimage.com/555x114
355,5958,356,quality true choice,https://www.lorempixel.com/570/490
356,557,357,us relationship happen,https://placekitten.com/155/29
357,3588,358,myself pick manager,https://placekitten.com/550/65
358,4804,359,main around end,https://dummyimage.com/274x129
359,680,360,wife despite easy,https://placeimg.com/823/276/any
360,3208,361,people measure middle,https://www.lorempixel.com/805/379
361,5109,362,continue stage perform,https://www.lorempixel.com/5/412
362,9450,363,agency final resource,https://placekitten.com/511/85
363,7572,364,cup type piece,https://dummyimage.com/17x164
364,5432,365,care girl defense,https://placekitten.com/995/879
365,1418,366,goal together should,https://placekitten.com/846/216
366,1988,367,that deal medical,https://placeimg.com/254/114/any
367,6244,368,wish similar ball,https://placekitten.com/349/248
368,958,369,yeah guess Republican,https://dummyimage.com/593x426
369,895,370,human professor old,https://www.lorempixel.com/564/448
370,9945,371,party population vote,https://www.lorempixel.com/629/226
371,5618,372,indeed military hear,https://placekitten.com/895/818
372,3231,373,example stop whose,https://placeimg.com/1017/564/any
373,5157,374,member west well,https://www.lorempixel.com/269/575
374,576,375,kid good rule,https://placekitten.com/449/70
375,2871,376,stock cup main,https://placeimg.com/228/383/any
376,7511,377,now allow moment,https://placeimg.com/386/66/any
377,4479,378,create through many,https://www.lorempixel.com/789/251
378,9713,379,could agency yeah,https://dummyimage.com/996x635
379,4764,380,majority no front,https://placeimg.com/196/276/any
380,4461,381,drive picture friend,https://www.lorempixel.com/201/733
381,6025,382,ball difference act,https://dummyimage.com/562x597
382,9787,383,sea five decide,https://www.lorempixel.com/612/723
383,5122,384,at focus pass,https://dummyimage.com/318x940
384,4454,385,conference hope perhaps,https://placeimg.com/596/613/any
385,3302,386,feel election usually,https://dummyimage.com/454x968
386,4436,387,show above week,https://dummyimage.com/851x809
387,4597,388,street serve surface,https://dummyimage.com/275x495
388,6997,389,outside impact over,https://www.lorempixel.com/345/101
389,6908,390,relate test easy,https://placekitten.com/748/156
390,8608,391,person space stay,https://placeimg.com/7/253/any
391,9316,392,adult build learn,https://www.lorempixel.com/722/154
392,1694,393,chance official author,https://dummyimage.com/654x749
393,5245,394,tend specific development,https://dummyimage.com/708x582
394,1675,395,thing explain night,https://placekitten.com/165/231
395,1381,396,anyone budget age,https://placeimg.com/268/925/any
396,1834,397,save whatever under,https://placekitten.com/389/617
397,5675,398,whatever general agreement,https://placeimg.com/133/965/any
398,1612,399,everybody market improve,https://dummyimage.com/465x979
399,7845,400,along those soon,https://placekitten.com/632/992
400,3865,401,lose catch pretty,https://dummyimage.com/717x253
401,1714,402,deal ten provide,https://placeimg.com/667/359/any
402,2237,403,treatment strategy country,https://dummyimage.com/753x593
403,4591,404,cultural exist stand,https://www.lorempixel.com/513/768
404,2836,405,network few but,https://placekitten.com/78/988
405,3531,406,oil ok according,https://www.lorempixel.com/502/857
406,5989,407,recently human subject,https://www.lorempixel.com/969/79
407,1878,408,leg fill arm,https://www.lorempixel.com/641/781
408,5630,409,piece stay general,https://www.lorempixel.com/730/1014
409,1775,410,vote actually product,https://www.lorempixel.com/194/739
410,105,411,rock ago easy,https://www.lorempixel.com/125/555
411,8731,412,dinner continue kitchen,https://placekitten.com/680/333
412,3520,413,small I light,https://dummyimage.com/742x27
413,3546,414,me over drive,https://placeimg.com/825/928/any
414,5997,415,fast building as,https://placekitten.com/143/563
415,547,416,gun allow better,https://placekitten.com/530/12
416,1583,417,message clear show,https://www.lorempixel.com/978/995
417,1578,418,day most produce,https://dummyimage.com/102x961
418,3858,419,you step establish,https://placekitten.com/941/471
419,4785,420,hit full when,https://placeimg.com/144/141/any
420,761,421,tend arm help,https://dummyimage.com/180x147
421,6791,422,financial your four,https://www.lorempixel.com/158/873
422,8887,423,medical sort question,https://placeimg.com/944/92/any
423,6255,424,reduce range total,https://placeimg.com/1006/840/any
424,7265,425,market health anyone,https://dummyimage.com/803x341
425,6211,426,animal spend leg,https://placeimg.com/683/621/any
426,3060,427,effect decide third,https://dummyimage.com/161x910
427,9545,428,through national week,https://www.lorempixel.com/417/788
428,3041,429,expect there program,https://www.lorempixel.com/444/418
429,1420,430,together fact improve,https://placekitten.com/930/139
430,3400,431,example use suggest,https://www.lorempixel.com/423/847
431,1331,432,change far learn,https://dummyimage.com/388x19
432,4436,433,reason usually become,https://placekitten.com/205/182
433,5016,434,everybody particular although,https://www.lorempixel.com/639/266
434,4571,435,leave task if,https://placeimg.com/198/291/any
435,1309,436,down election scientist,https://dummyimage.com/547x486
436,3219,437,nature free network,https://dummyimage.com/760x889
437,8856,438,street wife make,https://placeimg.com/263/202/any
438,9926,439,sell face tonight,https://placekitten.com/629/861
439,4388,440,break value television,https://placeimg.com/308/105/any
440,8774,441,Republican eight give,https://placekitten.com/792/517
441,1828,442,project man ability,https://dummyimage.com/293x946
442,9206,443,knowledge page peace,https://placeimg.com/847/955/any
443,1602,444,officer method list,https://placekitten.com/759/128
444,1496,445,teach section alone,https://www.lorempixel.com/357/337
445,8842,446,continue especially wear,https://placeimg.com/542/213/any
446,8135,447,often exactly sort,https://placekitten.com/626/642
447,1659,448,nothing experience citizen,https://placeimg.com/519/325/any
448,7251,449,data child institution,https://www.lorempixel.com/337/924
449,2251,450,enjoy team level,https://placekitten.com/134/504
450,3446,451,oil area glass,https://www.lorempixel.com/182/247
451,3397,452,then study he,https://placekitten.com/702/545
452,7341,453,my television time,https://www.lorempixel.com/1008/445
453,4831,454,seek crime girl,https://www.lorempixel.com/489/974
454,895,455,month bed night,https://dummyimage.com/478x876
455,7522,456,fire modern year,https://placekitten.com/282/419
456,9435,457,argue likely affect,https://www.lorempixel.com/239/311
457,6474,458,friend hand character,https://dummyimage.com/888x808
458,9231,459,policy again yeah,https://www.lorempixel.com/24/505
459,4669,460,recently figure buy,https://www.lorempixel.com/502/844
460,1656,461,build director to,https://placeimg.com/94/174/any
461,4097,462,fish against be,https://www.lorempixel.com/590/353
462,3449,463,need he word,https://placeimg.com/345/71/any
463,9857,464,final fine girl,https://placekitten.com/110/15
464,9158,465,she budget region,https://www.lorempixel.com/723/468
465,5811,466,page single reduce,https://www.lorempixel.com/1013/850
466,2324,467,others sometimes citizen,https://www.lorempixel.com/684/500
467,4518,468,might care idea,https://www.lorempixel.com/49/491
468,2309,469,point accept remember,https://www.lorempixel.com/55/101
469,8433,470,it put current,https://placekitten.com/674/898
470,6543,471,stop continue yet,https://dummyimage.com/656x1014
471,4832,472,employee their common,https://dummyimage.com/137x481
472,3186,473,direction theory story,https://placeimg.com/780/799/any
473,7723,474,fine treat vote,https://dummyimage.com/721x256
474,2004,475,increase push daughter,https://dummyimage.com/113x283
475,8414,476,meeting method age,https://placekitten.com/310/572
476,1045,477,think others break,https://placekitten.com/36/624
477,7294,478,inside across edge,https://placekitten.com/367/850
478,283,479,we drive his,https://placekitten.com/40/890
479,6348,480,bill me best,https://placeimg.com/402/863/any
480,1386,481,world economy world,https://dummyimage.com/239x221
481,6716,482,local check respond,https://placeimg.com/378/298/any
482,9714,483,fast glass moment,https://www.lorempixel.com/832/426
483,8487,484,although agree law,https://www.lorempixel.com/930/830
484,1215,485,fact back customer,https://placeimg.com/301/317/any
485,3483,486,table cultural information,https://dummyimage.com/450x993
486,5916,487,world successful charge,https://placekitten.com/186/476
487,6248,488,respond father education,https://dummyimage.com/570x567
488,9988,489,less lay occur,https://dummyimage.com/288x257
489,2615,490,imagine think ahead,https://www.lorempixel.com/346/92
490,2479,491,successful family certainly,https://placekitten.com/381/969
491,5052,492,miss center per,https://placekitten.com/613/738
492,3997,493,prepare local glass,https://dummyimage.com/821x166
493,8831,494,score car response,https://www.lorempixel.com/187/925
494,1233,495,wall sound itself,https://placeimg.com/658/806/any
495,6934,496,professional true former,https://placekitten.com/669/656
496,7883,497,skill institution artist,https://placeimg.com/685/29/any
497,286,498,special if Democrat,https://placekitten.com/785/181
498,5800,499,television official necessary,https://dummyimage.com/1022x128
499,8824,500,remain movie garden,https://placekitten.com/177/961
500,1851,501,other else relationship,https://placeimg.com/887/896/any
501,1311,502,character parent spring,https://placeimg.com/705/1002/any
502,8586,503,choice south away,https://www.lorempixel.com/94/935
503,4171,504,art let peace,https://placeimg.com/242/179/any
504,2354,505,good finish bank,https://www.lorempixel.com/13/343
505,9437,506,after part bag,https://placeimg.com/517/552/any
506,6553,507,fact forget pick,https://placeimg.com/714/135/any
507,4731,508,pretty job almost,https://placeimg.com/921/165/any
508,8937,509,seem enjoy white,https://placekitten.com/107/89
509,6070,510,risk write issue,https://placekitten.com/152/595
510,9346,511,newspaper walk others,https://dummyimage.com/763x426
511,8420,512,mouth measure specific,https://placekitten.com/267/54
512,8371,513,my the determine,https://placeimg.com/289/974/any
513,2354,514,right grow local,https://placekitten.com/210/220
514,4634,515,environment own after,https://placekitten.com/104/905
515,5317,516,success worker southern,https://www.lorempixel.com/454/371
516,6252,517,good past democratic,https://placekitten.com/65/519
517,6055,518,young thing under,https://dummyimage.com/1001x191
518,6585,519,career but blue,https://placekitten.com/588/96
519,4586,520,side show include,https://dummyimage.com/499x799
520,3148,521,discover sound station,https://dummyimage.com/816x92
521,4862,522,myself position try,https://placeimg.com/235/199/any
522,4023,523,we rock nature,https://placekitten.com/1001/539
523,8128,524,never class time,https://www.lorempixel.com/636/367
524,4107,525,quite walk ability,https://placekitten.com/981/644
525,5991,526,eat answer director,https://placeimg.com/127/746/any
526,6227,527,see term simple,https://placekitten.com/950/609
527,4439,528,run lose many,https://dummyimage.com/193x754
528,7332,529,it upon apply,https://dummyimage.com/559x267
529,7558,530,car house artist,https://dummyimage.com/494x808
530,6255,531,produce soon stock,https://dummyimage.com/765x40
531,9916,532,partner fish us,https://www.lorempixel.com/786/71
532,9340,533,individual memory through,https://placekitten.com/679/178
533,7248,534,adult always ready,https://placekitten.com/84/419
534,9278,535,box herself population,https://www.lorempixel.com/108/643
535,6838,536,year garden knowledge,https://placekitten.com/654/443
536,8997,537,get response himself,https://placekitten.com/743/848
537,9196,538,apply defense population,https://dummyimage.com/187x135
538,9812,539,book hair might,https://placekitten.com/432/471
539,4253,540,require table already,https://placekitten.com/136/394
540,6562,541,quite write turn,https://placekitten.com/705/823
541,8428,542,include star discover,https://placekitten.com/219/277
542,9891,543,dinner while success,https://dummyimage.com/224x996
543,553,544,similar alone school,https://dummyimage.com/647x928
544,3002,545,morning for individual,https://placeimg.com/217/564/any
545,5209,546,whole here far,https://placeimg.com/519/829/any
546,6261,547,road kitchen some,https://www.lorempixel.com/81/499
547,8413,548,tonight best protect,https://placekitten.com/162/159
548,4221,549,management him subject,https://placekitten.com/1024/648
549,7085,550,final partner about,https://www.lorempixel.com/889/582
550,6490,551,start little catch,https://placeimg.com/627/660/any
551,1024,552,vote piece address,https://placeimg.com/448/557/any
552,7022,553,after sport thus,https://placeimg.com/238/759/any
553,126,554,say plan threat,https://www.lorempixel.com/325/406
554,2678,555,effect bill well,https://dummyimage.com/221x391
555,9139,556,anyone check a,https://www.lorempixel.com/173/258
556,8900,557,animal personal eye,https://placeimg.com/845/737/any
557,6808,558,but list even,https://placeimg.com/989/187/any
558,345,559,care shoulder artist,https://dummyimage.com/951x153
559,3845,560,staff Congress name,https://placekitten.com/153/75
560,8921,561,chair skill floor,https://placekitten.com/166/457
561,6088,562,local ball peace,https://placeimg.com/830/693/any
562,9873,563,four thing effect,https://placekitten.com/700/952
563,3026,564,board husband pick,https://www.lorempixel.com/641/3
564,7802,565,rest southern perform,https://placekitten.com/479/378
565,2937,566,mean front claim,https://placeimg.com/199/279/any
566,3877,567,young before easy,https://placekitten.com/614/153
567,2425,568,them employee culture,https://placekitten.com/939/463
568,8870,569,up write perhaps,https://www.lorempixel.com/400/331
569,6546,570,season nation can,https://dummyimage.com/238x1
570,8461,571,sort police sea,https://placeimg.com/543/629/any
571,5965,572,final hope field,https://dummyimage.com/718x703
572,6247,573,box level happen,https://dummyimage.com/694x379
573,2071,574,employee pattern different,https://dummyimage.com/607x961
574,3273,575,hair change alone,https://placeimg.com/381/416/any
575,6093,576,hotel step thousand,https://dummyimage.com/70x949
576,1557,577,various line speech,https://dummyimage.com/532x276
577,6058,578,plant something give,https://dummyimage.com/549x779
578,6863,579,quickly baby visit,https://dummyimage.com/665x758
579,216,580,develop sea to,https://placekitten.com/776/132
580,931,581,political protect game,https://dummyimage.com/987x199
581,7339,582,small black wind,https://placeimg.com/940/937/any
582,2525,583,lead which by,https://dummyimage.com/56x1020
583,1766,584,look director will,https://placeimg.com/744/261/any
584,4583,585,light perform how,https://placekitten.com/692/539
585,2114,586,maybe and drug,https://placekitten.com/437/531
586,3401,587,past particular discussion,https://placekitten.com/796/350
587,6704,588,herself fear great,https://dummyimage.com/29x162
588,9254,589,hit loss painting,https://placeimg.com/251/376/any
589,4194,590,yes boy thing,https://dummyimage.com/496x815
590,758,591,card environment Republican,https://placeimg.com/434/486/any
591,897,592,network myself quite,https://placeimg.com/499/305/any
592,4727,593,what and beyond,https://www.lorempixel.com/820/199
593,9208,594,theory indicate of,https://dummyimage.com/363x474
594,2648,595,east technology fine,https://placeimg.com/32/103/any
595,5166,596,black stage visit,https://placekitten.com/5/189
596,5394,597,first how protect,https://placekitten.com/980/739
597,6698,598,outside factor idea,https://placekitten.com/198/229
598,7261,599,our culture west,https://www.lorempixel.com/344/780
599,3808,600,wait free may,https://dummyimage.com/384x1009
600,4616,601,model total nation,https://placeimg.com/423/262/any
601,2549,602,sister source establish,https://www.lorempixel.com/354/996
602,3220,603,pay federal reach,https://placekitten.com/481/297
603,600,604,artist expect popular,https://www.lorempixel.com/205/330
604,5456,605,drop talk international,https://dummyimage.com/731x1007
605,6229,606,fish follow free,https://placeimg.com/416/53/any
606,8173,607,late nature next,https://placeimg.com/670/438/any
607,8198,608,necessary drive understand,https://placekitten.com/971/301
608,8239,609,plant million window,https://dummyimage.com/1010x959
609,562,610,over information like,https://www.lorempixel.com/516/664
610,8161,611,enjoy serious moment,https://placekitten.com/176/619
611,8426,612,line military game,https://www.lorempixel.com/420/278
612,6234,613,cold various up,https://www.lorempixel.com/178/419
613,1434,614,make conference open,https://www.lorempixel.com/33/843
614,6331,615,sort condition forget,https://placeimg.com/26/62/any
615,3471,616,three cultural truth,https://placekitten.com/158/326
616,2542,617,notice today strong,https://www.lorempixel.com/582/324
617,7682,618,general future hand,https://placekitten.com/215/424
618,933,619,key public often,https://www.lorempixel.com/15/301
619,7646,620,answer world meet,https://dummyimage.com/440x13
620,7855,621,exist best seek,https://placekitten.com/415/235
621,9274,622,help word imagine,https://placeimg.com/983/850/any
622,2779,623,senior some safe,https://www.lorempixel.com/15/341
623,2313,624,occur measure stand,https://www.lorempixel.com/300/354
624,5413,625,fast question local,https://dummyimage.com/1013x192
625,3790,626,among drive seem,https://placekitten.com/1014/26
626,1293,627,sort southern dog,https://placekitten.com/95/975
627,4880,628,it arm relationship,https://placekitten.com/192/906
628,5108,629,thank scene people,https://placeimg.com/530/576/any
629,2094,630,purpose call successful,https://placeimg.com/503/970/any
630,9330,631,lead campaign of,https://www.lorempixel.com/625/415
631,7286,632,debate eat fact,https://placeimg.com/401/426/any
632,5599,633,goal American fire,https://www.lorempixel.com/582/1015
633,7873,634,manager house deep,https://www.lorempixel.com/344/356
634,5107,635,there class possible,https://placekitten.com/475/393
635,9906,636,tell prevent book,https://placekitten.com/532/995
636,5865,637,herself market charge,https://placeimg.com/215/683/any
637,598,638,simple soldier big,https://www.lorempixel.com/620/435
638,4843,639,less tax itself,https://dummyimage.com/430x869
639,2704,640,arm beat candidate,https://placeimg.com/494/829/any
640,6929,641,want fast article,https://placekitten.com/322/38
641,3106,642,statement include while,https://dummyimage.com/563x190
642,5102,643,peace building garden,https://placeimg.com/186/967/any
643,1139,644,hot spring image,https://placeimg.com/882/507/any
644,8154,645,blue example animal,https://www.lorempixel.com/729/971
645,100,646,appear again big,https://placeimg.com/379/196/any
646,2017,647,stop trial environment,https://placekitten.com/959/490
647,285,648,use purpose never,https://www.lorempixel.com/1004/583
648,8721,649,country affect none,https://www.lorempixel.com/422/718
649,9037,650,serve score argue,https://placekitten.com/32/118
650,6466,651,example more easy,https://www.lorempixel.com/968/241
651,9876,652,while hotel lead,https://placeimg.com/498/113/any
652,9753,653,identify international entire,https://placeimg.com/325/811/any
653,4171,654,thing another have,https://placekitten.com/785/217
654,6160,655,data other nothing,https://www.lorempixel.com/688/937
655,7056,656,ask be finally,https://dummyimage.com/417x935
656,2145,657,single next human,https://placeimg.com/785/282/any
657,3338,658,strong notice single,https://dummyimage.com/700x248
658,7297,659,field music family,https://placekitten.com/814/598
659,357,660,its marriage skin,https://placekitten.com/40/936
660,4203,661,black reality risk,https://placeimg.com/945/630/any
661,1826,662,indicate reason ten,https://www.lorempixel.com/417/1000
662,9042,663,interesting near then,https://dummyimage.com/13x12
663,756,664,too you majority,https://placeimg.com/705/743/any
664,9094,665,likely couple cost,https://dummyimage.com/371x104
665,6795,666,coach worker describe,https://placekitten.com/238/963
666,6284,667,just speak whether,https://www.lorempixel.com/873/120
667,5576,668,understand commercial fly,https://placekitten.com/971/36
668,4095,669,major will close,https://dummyimage.com/612x459
669,6138,670,evidence painting stock,https://placekitten.com/154/336
670,2827,671,art south base,https://placekitten.com/862/347
671,5395,672,thus pull trial,https://placeimg.com/501/635/any
672,3672,673,next cover cost,https://dummyimage.com/638x1013
673,2894,674,player contain piece,https://www.lorempixel.com/444/347
674,8374,675,executive cup allow,https://placeimg.com/645/288/any
675,7751,676,window yet suggest,https://www.lorempixel.com/281/12
676,525,677,relate your record,https://www.lorempixel.com/194/136
677,4803,678,court nation civil,https://www.lorempixel.com/710/57
678,7672,679,claim especially page,https://placekitten.com/919/218
679,264,680,record level response,https://placeimg.com/761/577/any
680,7101,681,happy wonder health,https://placeimg.com/819/62/any
681,3484,682,what collection either,https://placekitten.com/245/49
682,3792,683,south painting money,https://placeimg.com/333/896/any
683,273,684,do here material,https://dummyimage.com/113x353
684,7851,685,which guy after,https://placeimg.com/283/207/any
685,386,686,college interview yard,https://placeimg.com/831/483/any
686,7483,687,detail worker themselves,https://dummyimage.com/195x951
687,1490,688,staff though realize,https://www.lorempixel.com/11/314
688,9910,689,tough boy red,https://dummyimage.com/414x110
689,2053,690,dinner never on,https://placeimg.com/689/777/any
690,4152,691,adult song government,https://www.lorempixel.com/310/723
691,5717,692,hope major road,https://placeimg.com/633/840/any
692,5671,693,class establish son,https://dummyimage.com/649x159
693,8008,694,focus rise these,https://dummyimage.com/214x827
694,7080,695,type consider then,https://placeimg.com/222/658/any
695,4608,696,carry personal Congress,https://placeimg.com/360/943/any
696,3774,697,raise get program,https://placekitten.com/136/181
697,2927,698,however today nature,https://www.lorempixel.com/945/373
698,8372,699,economic majority mean,https://placeimg.com/494/787/any
699,1478,700,suffer although present,https://www.lorempixel.com/982/609
700,5188,701,cut author east,https://dummyimage.com/519x110
701,1707,702,law loss that,https://dummyimage.com/480x831
702,7895,703,forward edge international,https://www.lorempixel.com/107/38
703,2221,704,Congress industry bed,https://placekitten.com/779/455
704,108,705,garden one plan,https://dummyimage.com/769x577
705,9278,706,seat cultural think,https://placeimg.com/585/956/any
706,3264,707,company religious because,https://placekitten.com/42/332
707,3271,708,week bit future,https://www.lorempixel.com/748/731
708,6890,709,over dream effect,https://dummyimage.com/918x301
709,1184,710,performance finish tree,https://placeimg.com/623/435/any
710,8408,711,history require father,https://www.lorempixel.com/429/465
711,9240,712,idea because cup,https://dummyimage.com/446x307
712,4688,713,view cause success,https://dummyimage.com/814x354
713,6851,714,team hand add,https://dummyimage.com/38x116
714,7689,715,check break author,https://placekitten.com/95/893
715,6917,716,lot night arrive,https://www.lorempixel.com/105/33
716,6293,717,somebody support often,https://dummyimage.com/211x504
717,8155,718,act yard defense,https://dummyimage.com/9x408
718,2487,719,daughter protect financial,https://placekitten.com/789/390
719,8738,720,south truth condition,https://placeimg.com/564/621/any
720,3566,721,actually along reflect,https://placekitten.com/889/414
721,7865,722,gas center throw,https://dummyimage.com/248x782
722,4087,723,democratic green bag,https://placeimg.com/10/110/any
723,6773,724,scene green take,https://placekitten.com/910/331
724,7835,725,deal friend fire,https://www.lorempixel.com/135/462
725,9544,726,politics old news,https://www.lorempixel.com/555/1022
726,6409,727,practice middle amount,https://placekitten.com/66/694
727,7877,728,that although either,https://dummyimage.com/382x732
728,1889,729,experience people perhaps,https://placeimg.com/694/490/any
729,4028,730,if local end,https://placeimg.com/83/408/any
730,7311,731,table like low,https://placekitten.com/550/536
731,1453,732,generation along human,https://dummyimage.com/57x654
732,1634,733,explain health those,https://www.lorempixel.com/933/210
733,6003,734,among employee him,https://placekitten.com/702/247
734,9668,735,answer sea hour,https://placekitten.com/403/281
735,5150,736,claim accept security,https://placekitten.com/20/253
736,1134,737,effect ready piece,https://dummyimage.com/78x176
737,209,738,involve five best,https://placekitten.com/726/646
738,4169,739,the fill financial,https://www.lorempixel.com/841/70
739,901,740,player forward real,https://placeimg.com/260/293/any
740,7653,741,television catch artist,https://placekitten.com/113/914
741,381,742,summer spring hour,https://placekitten.com/492/904
742,2378,743,enough conference history,https://placeimg.com/650/904/any
743,1626,744,course see deal,https://dummyimage.com/977x307
744,3449,745,million their anyone,https://dummyimage.com/642x710
745,9191,746,trade south speech,https://placeimg.com/424/615/any
746,2437,747,member social could,https://placekitten.com/266/263
747,4835,748,remember kid reason,https://www.lorempixel.com/819/682
748,5252,749,most win west,https://www.lorempixel.com/185/116
749,8644,750,benefit stay remember,https://placeimg.com/13/456/any
750,6656,751,write billion fill,https://placeimg.com/710/439/any
751,6150,752,into watch walk,https://www.lorempixel.com/929/965
752,9355,753,as pick form,https://dummyimage.com/105x947
753,3543,754,amount five allow,https://dummyimage.com/851x139
754,2545,755,take especially above,https://dummyimage.com/149x796
755,5248,756,star bed myself,https://www.lorempixel.com/144/803
756,2648,757,begin investment any,https://placeimg.com/93/464/any
757,2557,758,it contain short,https://dummyimage.com/135x900
758,7034,759,say back PM,https://dummyimage.com/113x420
759,4544,760,be ground half,https://placekitten.com/60/738
760,5108,761,decide into care,https://placeimg.com/715/202/any
761,5341,762,hard trip clearly,https://placekitten.com/814/135
762,1090,763,fund pass upon,https://dummyimage.com/87x16
763,9500,764,state animal meet,https://www.lorempixel.com/129/758
764,1247,765,also somebody key,https://www.lorempixel.com/830/415
765,7278,766,idea mean win,https://dummyimage.com/184x488
766,9799,767,coach clearly question,https://dummyimage.com/115x294
767,2373,768,Republican bit discuss,https://dummyimage.com/830x443
768,757,769,personal expert board,https://dummyimage.com/548x927
769,4649,770,they range project,https://dummyimage.com/163x744
770,2721,771,thought society knowledge,https://placekitten.com/294/995
771,7727,772,item many movie,https://placeimg.com/345/722/any
772,1296,773,put main pay,https://www.lorempixel.com/970/4
773,2557,774,surface between road,https://www.lorempixel.com/272/661
774,2739,775,customer cause about,https://placeimg.com/476/887/any
775,3740,776,building themselves gun,https://placeimg.com/560/618/any
776,3775,777,beat such smile,https://placeimg.com/622/503/any
777,3292,778,throw position business,https://www.lorempixel.com/479/823
778,8332,779,lead theory audience,https://placeimg.com/831/954/any
779,1983,780,resource well because,https://placekitten.com/198/581
780,1034,781,its without free,https://placekitten.com/770/306
781,9889,782,alone shoulder interest,https://placekitten.com/338/792
782,1113,783,left to white,https://dummyimage.com/274x766
783,435,784,finish arrive responsibility,https://placeimg.com/807/140/any
784,2727,785,his property every,https://placeimg.com/230/858/any
785,4007,786,whether method maintain,https://placekitten.com/900/220
786,5510,787,never speak however,https://www.lorempixel.com/820/126
787,1946,788,easy war population,https://dummyimage.com/189x731
788,4819,789,while man practice,https://dummyimage.com/448x729
789,1088,790,theory well give,https://placekitten.com/852/995
790,4311,791,audience nature sound,https://placeimg.com/897/35/any
791,4462,792,generation memory ahead,https://placekitten.com/595/819
792,6654,793,off training return,https://www.lorempixel.com/571/132
793,9491,794,address president benefit,https://www.lorempixel.com/683/227
794,3336,795,any certain politics,https://placeimg.com/906/471/any
795,456,796,else hard card,https://placeimg.com/809/740/any
796,1506,797,animal American least,https://dummyimage.com/80x34
797,785,798,speak future note,https://www.lorempixel.com/519/584
798,3099,799,also act star,https://placekitten.com/913/203
799,1320,800,soldier baby cell,https://placekitten.com/964/775
800,6244,801,speak speech fast,https://placeimg.com/797/512/any
801,5272,802,decade surface effort,https://placekitten.com/118/925
802,3867,803,evidence decision evening,https://placekitten.com/812/36
803,9228,804,before and artist,https://placeimg.com/1003/481/any
804,9814,805,blue public owner,https://placeimg.com/912/694/any
805,2265,806,huge part situation,https://www.lorempixel.com/519/635
806,9124,807,my however system,https://placekitten.com/44/623
807,5216,808,sea leave by,https://dummyimage.com/52x222
808,7035,809,leader common risk,https://dummyimage.com/674x827
809,2382,810,right analysis already,https://placeimg.com/380/773/any
810,7233,811,increase for tonight,https://placeimg.com/187/95/any
811,3061,812,rest exactly allow,https://placeimg.com/996/557/any
812,1940,813,agreement production himself,https://www.lorempixel.com/1/815
813,9580,814,teacher choice real,https://placekitten.com/781/851
814,1419,815,even find total,https://placeimg.com/838/164/any
815,423,816,out lawyer fill,https://www.lorempixel.com/702/470
816,3492,817,indicate over threat,https://placeimg.com/193/806/any
817,5192,818,teach station peace,https://placekitten.com/960/290
818,5482,819,good job small,https://www.lorempixel.com/80/1023
819,1842,820,admit Mr body,https://placekitten.com/704/535
820,3629,821,company clearly itself,https://dummyimage.com/765x925
821,9015,822,talk trial we,https://placekitten.com/179/454
822,4512,823,word idea go,https://dummyimage.com/387x246
823,9883,824,page participant answer,https://www.lorempixel.com/615/478
824,9016,825,executive believe plant,https://placekitten.com/238/891
825,7343,826,conference general visit,https://placeimg.com/803/471/any
826,2001,827,adult edge tough,https://www.lorempixel.com/35/633
827,8334,828,notice operation like,https://placeimg.com/930/230/any
828,7185,829,space policy figure,https://dummyimage.com/737x394
829,9019,830,worry product sometimes,https://placeimg.com/279/807/any
830,4595,831,her prepare actually,https://placeimg.com/59/190/any
831,1227,832,minute go federal,https://dummyimage.com/236x135
832,9665,833,create write my,https://placeimg.com/453/701/any
833,3868,834,manage collection garden,https://dummyimage.com/420x884
834,3415,835,his short senior,https://placeimg.com/50/471/any
835,3306,836,approach drive find,https://placekitten.com/894/53
836,6203,837,set per up,https://dummyimage.com/91x80
837,1933,838,must why especially,https://dummyimage.com/871x147
838,5591,839,involve where its,https://dummyimage.com/933x278
839,2410,840,indeed tend like,https://placekitten.com/122/860
840,2090,841,agency camera tend,https://placeimg.com/186/902/any
841,9257,842,growth market power,https://www.lorempixel.com/655/1021
842,5979,843,training hand federal,https://placekitten.com/335/716
843,2590,844,product because campaign,https://placeimg.com/92/784/any
844,4450,845,loss fast over,https://placekitten.com/109/88
845,780,846,bank finish meet,https://placekitten.com/214/992
846,4298,847,Mr face special,https://placeimg.com/241/39/any
847,7858,848,mind exactly good,https://www.lorempixel.com/664/521
848,342,849,sister police space,https://placeimg.com/598/147/any
849,3012,850,few sing nor,https://placeimg.com/813/920/any
850,7382,851,century political size,https://placekitten.com/395/121
851,7139,852,manage determine next,https://www.lorempixel.com/448/183
852,6151,853,especially seem change,https://placekitten.com/376/836
853,3684,854,stand despite middle,https://dummyimage.com/22x742
854,4815,855,third career ahead,https://placekitten.com/857/1011
855,5766,856,rule to soldier,https://dummyimage.com/862x157
856,4619,857,the local senior,https://dummyimage.com/878x992
857,724,858,stuff democratic well,https://www.lorempixel.com/69/9
858,4205,859,pressure view someone,https://placeimg.com/328/1011/any
859,7896,860,subject fly condition,https://placeimg.com/195/879/any
860,4764,861,guy well will,https://dummyimage.com/415x965
861,3088,862,feeling find analysis,https://placeimg.com/369/778/any
862,7166,863,ago sit want,https://dummyimage.com/882x475
863,7943,864,easy state difference,https://placeimg.com/737/404/any
864,2991,865,throughout month choose,https://dummyimage.com/23x311
865,4315,866,really seat treatment,https://placekitten.com/963/342
866,1611,867,can nor resource,https://dummyimage.com/494x30
867,1151,868,usually happen blood,https://www.lorempixel.com/102/56
868,8473,869,Mrs war manage,https://dummyimage.com/936x663
869,583,870,care picture painting,https://www.lorempixel.com/767/762
870,4157,871,year our bill,https://www.lorempixel.com/655/87
871,4377,872,story president we,https://dummyimage.com/317x183
872,1491,873,against hotel feeling,https://placekitten.com/1003/853
873,5272,874,final if role,https://placeimg.com/375/395/any
874,1099,875,rock west teacher,https://www.lorempixel.com/29/557
875,7314,876,great edge can,https://placeimg.com/521/177/any
876,5371,877,take under budget,https://www.lorempixel.com/846/442
877,2945,878,tonight ability late,https://dummyimage.com/998x377
878,3538,879,upon bill firm,https://www.lorempixel.com/870/39
879,8239,880,dark only lose,https://placeimg.com/646/801/any
880,6484,881,possible success require,https://dummyimage.com/727x757
881,9813,882,figure maybe speak,https://placeimg.com/121/752/any
882,2742,883,concern other ago,https://www.lorempixel.com/243/872
883,7060,884,artist reflect require,https://placekitten.com/326/840
884,339,885,staff thousand still,https://www.lorempixel.com/646/559
885,2769,886,hold throughout hour,https://www.lorempixel.com/51/671
886,5309,887,last pick instead,https://www.lorempixel.com/520/396
887,1503,888,else card clear,https://placekitten.com/183/545
888,3220,889,thing task religious,https://placekitten.com/795/279
889,3549,890,lot account professor,https://www.lorempixel.com/98/927
890,9597,891,reason popular seek,https://placekitten.com/754/37
891,8446,892,economic maybe we,https://placekitten.com/265/588
892,4877,893,free debate probably,https://placekitten.com/886/38
893,8474,894,woman civil hope,https://www.lorempixel.com/508/685
894,5147,895,give economic account,https://placekitten.com/45/843
895,5199,896,couple news foreign,https://placeimg.com/929/843/any
896,7363,897,ok brother other,https://placekitten.com/426/344
897,3530,898,learn we risk,https://placeimg.com/981/799/any
898,7414,899,option support ahead,https://placekitten.com/898/740
899,5502,900,treat question enter,https://placeimg.com/197/811/any
900,9796,901,question but space,https://placeimg.com/607/812/any
901,1592,902,fact size relate,https://dummyimage.com/1023x783
902,7183,903,interview behavior always,https://dummyimage.com/345x384
903,4990,904,including person work,https://placeimg.com/191/695/any
904,9535,905,behavior society include,https://dummyimage.com/35x111
905,2480,906,still believe but,https://placekitten.com/980/228
906,5797,907,room one before,https://dummyimage.com/540x398
907,9518,908,list wait most,https://placekitten.com/986/221
908,6827,909,authority investment talk,https://dummyimage.com/2x195
909,8029,910,space live center,https://placekitten.com/821/877
910,6970,911,half send hundred,https://placekitten.com/745/610
911,1100,912,since recently score,https://dummyimage.com/340x163
912,9938,913,art similar direction,https://placekitten.com/244/114
913,3817,914,control around as,https://www.lorempixel.com/486/448
914,3282,915,PM piece view,https://www.lorempixel.com/969/519
915,9004,916,particular total central,https://dummyimage.com/917x842
916,7088,917,five person piece,https://placeimg.com/385/239/any
917,4480,918,door be shoulder,https://placekitten.com/512/134
918,1035,919,voice candidate experience,https://dummyimage.com/287x156
919,9534,920,save remember feel,https://placeimg.com/814/503/any
920,8029,921,idea power hope,https://placeimg.com/413/292/any
921,8932,922,anyone minute quality,https://www.lorempixel.com/762/154
922,5699,923,where energy thank,https://dummyimage.com/497x659
923,5048,924,beyond during skill,https://www.lorempixel.com/818/284
924,6615,925,wish coach provide,https://placeimg.com/347/657/any
925,3425,926,manage I finally,https://www.lorempixel.com/70/256
926,5900,927,debate three I,https://dummyimage.com/620x750
927,3242,928,military new job,https://placekitten.com/142/112
928,8310,929,upon time represent,https://placekitten.com/634/797
929,3135,930,open performance field,https://placeimg.com/612/963/any
930,9083,931,exactly approach teacher,https://placeimg.com/769/593/any
931,8078,932,agency simply development,https://placeimg.com/865/279/any
932,5579,933,language range total,https://dummyimage.com/973x23
933,9001,934,store reveal mind,https://dummyimage.com/234x399
934,1551,935,over happy listen,https://dummyimage.com/779x181
935,6449,936,us turn anyone,https://www.lorempixel.com/799/420
936,9416,937,show drop cultural,https://www.lorempixel.com/155/203
937,2965,938,big money effect,https://placekitten.com/847/893
938,2405,939,face hit data,https://placekitten.com/331/625
939,7736,940,join despite this,https://www.lorempixel.com/541/184
940,4410,941,born marriage remain,https://placekitten.com/348/156
941,381,942,account when reason,https://placekitten.com/449/649
942,6230,943,group throughout watch,https://placekitten.com/614/137
943,6885,944,activity responsibility today,https://placeimg.com/133/697/any
944,1347,945,about hot sister,https://placeimg.com/527/444/any
945,2558,946,major order find,https://placeimg.com/239/623/any
946,9621,947,front sometimes may,https://placeimg.com/191/702/any
947,9189,948,get design they,https://placeimg.com/266/658/any
948,5120,949,card beautiful moment,https://dummyimage.com/668x572
949,2831,950,foot about fire,https://www.lorempixel.com/956/35
950,2390,951,although away evening,https://dummyimage.com/73x470
951,6158,952,single also reach,https://placeimg.com/71/834/any
952,7470,953,news middle recognize,https://www.lorempixel.com/598/915
953,5567,954,across happen work,https://placekitten.com/990/226
954,5125,955,message defense piece,https://placekitten.com/459/268
955,2202,956,six right light,https://www.lorempixel.com/538/572
956,8998,957,choice expect act,https://placeimg.com/745/338/any
957,979,958,television report economy,https://www.lorempixel.com/858/271
958,4915,959,parent cell debate,https://placeimg.com/370/307/any
959,4953,960,actually forward itself,https://www.lorempixel.com/580/819
960,1070,961,dog hope include,https://www.lorempixel.com/291/340
961,2495,962,positive piece every,https://placeimg.com/747/42/any
962,9879,963,along explain cold,https://dummyimage.com/698x291
963,7108,964,option trade treat,https://placekitten.com/685/691
964,6484,965,mean financial hard,https://www.lorempixel.com/392/735
965,1956,966,area a treatment,https://placeimg.com/596/221/any
966,8929,967,common just dog,https://placeimg.com/878/969/any
967,6345,968,six plant like,https://placekitten.com/963/589
968,9285,969,similar standard feel,https://placekitten.com/785/1024
969,4480,970,card remain we,https://www.lorempixel.com/380/699
970,8029,971,thing hit whose,https://placekitten.com/898/65
971,9874,972,feel fine every,https://placekitten.com/633/917
972,1890,973,catch activity door,https://placekitten.com/692/862
973,479,974,interesting range certainly,https://dummyimage.com/308x163
974,9900,975,far president garden,https://dummyimage.com/401x227
975,5918,976,executive rest great,https://placeimg.com/171/439/any
976,9027,977,degree decade really,https://dummyimage.com/670x431
977,2174,978,rather lead hear,https://placekitten.com/696/295
978,9599,979,forward memory also,https://www.lorempixel.com/849/813
979,1748,980,citizen religious several,https://www.lorempixel.com/552/544
980,9754,981,reason resource reduce,https://dummyimage.com/875x813
981,1201,982,turn national with,https://www.lorempixel.com/810/797
982,6757,983,need quickly model,https://placeimg.com/582/194/any
983,5700,984,fall reflect off,https://placeimg.com/912/394/any
984,3897,985,film increase everything,https://placeimg.com/1001/489/any
985,7888,986,who mission rise,https://placeimg.com/98/353/any
986,6039,987,poor life sister,https://placekitten.com/200/871
987,5062,988,rock view interview,https://dummyimage.com/486x775
988,8874,989,good suffer left,https://placeimg.com/575/421/any
989,6920,990,full site talk,https://placeimg.com/93/168/any
990,9017,991,general unit issue,https://www.lorempixel.com/28/545
991,6618,992,somebody protect local,https://placeimg.com/36/791/any
992,1738,993,natural or safe,https://dummyimage.com/524x953
993,3126,994,already main board,https://www.lorempixel.com/723/101
994,8835,995,type cut black,https://dummyimage.com/352x984
995,9625,996,modern question attorney,https://www.lorempixel.com/877/310
996,6702,997,wear modern enough,https://placeimg.com/241/326/any
997,8439,998,skin claim outside,https://www.lorempixel.com/519/781
998,9955,999,compare continue move,https://placeimg.com/736/942/any
999,2465,1000,order receive second,https://placekitten.com/81/719
