0,1,1,Tambourines,Beige race
1,2,2,Hurdy Gurdy,PaleGoldenRod trade
2,3,3,Tambourines,RosyBrown strong
3,4,4,Hurdy Gurdy,Chartreuse off
4,5,5,Guitar,OldLace history
5,6,6,Hurdy Gurdy,LemonChiffon themselves
6,7,7,Didgeridoo,Brown direction
7,8,8,Drums,Violet rock
8,9,9,Guitar,RoyalBlue speech
9,10,10,Hurdy Gurdy,Chartreuse peace
10,11,11,Violin,Maroon author
11,12,12,Tambourines,DarkTurquoise thus
12,13,13,Drums,RosyBrown rise
13,14,14,Piano,LightGreen partner
14,15,15,Viola,Thistle young
15,16,16,Viola,RoyalBlue fight
16,17,17,Kazoo,DarkGoldenRod kind
17,18,18,Piano,LightSalmon ready
18,19,19,Tambourines,MediumOrchid must
19,20,20,Drums,DeepPink fly
20,21,21,Viola,YellowGreen campaign
21,22,22,Violin,BlanchedAlmond current
22,23,23,Guitar,Violet community
23,24,24,Didgeridoo,Aquamarine energy
24,25,25,Piano,Blue together
25,26,26,Guitar,LemonChiffon sense
26,27,27,Piano,Orange executive
27,28,28,Violin,MidnightBlue night
28,29,29,Guitar,Pink ok
29,30,30,Piano,GoldenRod future
30,31,31,Viola,PeachPuff investment
31,32,32,Kazoo,DarkOrchid moment
32,33,33,Drums,LightCyan could
33,34,34,Didgeridoo,PaleVioletRed information
34,35,35,Violin,DarkGray enough
35,36,36,Viola,MediumPurple general
36,37,37,Kazoo,DarkSeaGreen suddenly
37,38,38,Drums,DarkOrange region
38,39,39,Violin,SlateGray religious
39,40,40,Viola,Fuchsia evening
40,41,41,Violin,SlateBlue character
41,42,42,Hurdy Gurdy,Wheat investment
42,43,43,Guitar,NavajoWhite pull
43,44,44,Violin,AliceBlue benefit
44,45,45,Kazoo,Maroon focus
45,46,46,Piano,Crimson middle
46,47,47,Kazoo,OrangeRed argue
47,48,48,Piano,SlateGray at
48,49,49,Guitar,HotPink tough
49,50,50,Tambourines,OldLace then
50,51,51,Violin,MediumSeaGreen great
51,52,52,Hurdy Gurdy,Purple under
52,53,53,Guitar,DarkMagenta difficult
53,54,54,Tambourines,Gainsboro author
54,55,55,Violin,Beige learn
55,56,56,Kazoo,DeepPink record
56,57,57,Didgeridoo,RosyBrown voice
57,58,58,Didgeridoo,Aquamarine risk
58,59,59,Didgeridoo,MidnightBlue attention
59,60,60,Viola,Aquamarine year
60,61,61,Piano,HotPink house
61,62,62,Didgeridoo,Orange factor
62,63,63,Didgeridoo,CornflowerBlue any
63,64,64,Guitar,MediumVioletRed decade
64,65,65,Drums,PaleVioletRed take
65,66,66,Didgeridoo,Azure sing
66,67,67,Drums,MidnightBlue college
67,68,68,Guitar,CadetBlue relationship
68,69,69,Hurdy Gurdy,DarkSeaGreen important
69,70,70,Tambourines,LightCyan recent
70,71,71,Violin,BlueViolet nation
71,72,72,Hurdy Gurdy,LightSlateGray expect
72,73,73,Kazoo,MidnightBlue movement
73,74,74,Piano,SandyBrown with
74,75,75,Hurdy Gurdy,Magenta gas
75,76,76,Viola,Silver but
76,77,77,Viola,PaleGreen all
77,78,78,Violin,LightGreen economic
78,79,79,Guitar,Gainsboro kind
79,80,80,Tambourines,MediumSlateBlue yet
80,81,81,Viola,LightCyan who
81,82,82,Hurdy Gurdy,AntiqueWhite indeed
82,83,83,Drums,LightCyan need
83,84,84,Viola,Linen everybody
84,85,85,Guitar,Turquoise others
85,86,86,Kazoo,LightSteelBlue spring
86,87,87,Kazoo,MidnightBlue nation
87,88,88,Guitar,DarkSeaGreen it
88,89,89,Violin,DimGray easy
89,90,90,Didgeridoo,LightYellow share
90,91,91,Viola,DarkViolet across
91,92,92,Viola,Lime before
92,93,93,Tambourines,PowderBlue politics
93,94,94,Piano,Navy scene
94,95,95,Kazoo,Linen quickly
95,96,96,Hurdy Gurdy,Linen deep
96,97,97,Viola,MediumSlateBlue space
97,98,98,Didgeridoo,LawnGreen surface
98,99,99,Violin,Chartreuse lay
99,100,100,Guitar,Beige history
100,101,101,Drums,DarkGoldenRod together
101,102,102,Kazoo,DarkGreen again
102,103,103,Viola,DodgerBlue color
103,104,104,Piano,HoneyDew positive
104,105,105,Tambourines,FloralWhite between
105,106,106,Hurdy Gurdy,PaleGreen man
106,107,107,Kazoo,LightSteelBlue official
107,108,108,Kazoo,DodgerBlue concern
108,109,109,Tambourines,DarkSlateGray yard
109,110,110,Viola,Teal main
110,111,111,Viola,MediumSpringGreen never
111,112,112,Piano,Ivory treatment
112,113,113,Viola,LemonChiffon under
113,114,114,Didgeridoo,Khaki establish
114,115,115,Tambourines,ForestGreen ground
115,116,116,Didgeridoo,Purple any
116,117,117,Guitar,Chartreuse claim
117,118,118,Tambourines,LightSeaGreen south
118,119,119,Drums,Moccasin speech
119,120,120,Kazoo,Red road
120,121,121,Didgeridoo,LightSeaGreen message
121,122,122,Guitar,AntiqueWhite me
122,123,123,Kazoo,NavajoWhite conference
123,124,124,Kazoo,BlueViolet first
124,125,125,Guitar,MediumVioletRed any
125,126,126,Drums,Maroon since
126,127,127,Viola,MediumPurple professor
127,128,128,Piano,LavenderBlush spring
128,129,129,Tambourines,Plum notice
129,130,130,Viola,OrangeRed table
130,131,131,Guitar,PapayaWhip trade
131,132,132,Piano,WhiteSmoke save
132,133,133,Hurdy Gurdy,SeaGreen along
133,134,134,Piano,Crimson growth
134,135,135,Violin,DeepSkyBlue ask
135,136,136,Viola,Tan writer
136,137,137,Didgeridoo,DeepSkyBlue protect
137,138,138,Violin,DimGray cost
138,139,139,Piano,Indigo kid
139,140,140,Tambourines,DarkSlateBlue me
140,141,141,Piano,ForestGreen put
141,142,142,Didgeridoo,Cyan management
142,143,143,Kazoo,AntiqueWhite give
143,144,144,Drums,WhiteSmoke discover
144,145,145,Drums,LightGray health
145,146,146,Drums,MistyRose answer
146,147,147,Didgeridoo,Tan owner
147,148,148,Didgeridoo,PaleGreen either
148,149,149,Viola,AntiqueWhite executive
149,150,150,Piano,IndianRed lose
150,151,151,Guitar,PaleTurquoise enter
151,152,152,Guitar,DarkTurquoise rule
152,153,153,Violin,AliceBlue song
153,154,154,Hurdy Gurdy,GoldenRod newspaper
154,155,155,Tambourines,DarkGray leg
155,156,156,Guitar,Khaki trade
156,157,157,Kazoo,Silver group
157,158,158,Tambourines,PaleGoldenRod someone
158,159,159,Tambourines,Cornsilk some
159,160,160,Piano,LightCyan she
160,161,161,Viola,PaleGreen customer
161,162,162,Kazoo,DarkGoldenRod under
162,163,163,Violin,MintCream still
163,164,164,Didgeridoo,Coral need
164,165,165,Viola,MediumSlateBlue sing
165,166,166,Kazoo,DarkSlateGray enter
166,167,167,Guitar,Bisque travel
167,168,168,Piano,LawnGreen hot
168,169,169,Kazoo,FloralWhite whatever
169,170,170,Viola,Orange civil
170,171,171,Guitar,Silver not
171,172,172,Piano,DarkGray blue
172,173,173,Drums,Navy brother
173,174,174,Didgeridoo,Gainsboro grow
174,175,175,Didgeridoo,Cornsilk relate
175,176,176,Guitar,DarkSlateBlue share
176,177,177,Guitar,DarkSeaGreen size
177,178,178,Guitar,AntiqueWhite young
178,179,179,Piano,PaleGreen position
179,180,180,Viola,Yellow candidate
180,181,181,Viola,DarkOrange investment
181,182,182,Guitar,Beige order
182,183,183,Tambourines,Gray such
183,184,184,Piano,Chartreuse chair
184,185,185,Kazoo,DarkOrchid into
185,186,186,Viola,Bisque military
186,187,187,Drums,DarkViolet group
187,188,188,Piano,DarkSlateGray increase
188,189,189,Drums,SpringGreen a
189,190,190,Violin,LawnGreen material
190,191,191,Piano,Purple if
191,192,192,Tambourines,OrangeRed hit
192,193,193,Viola,CornflowerBlue describe
193,194,194,Tambourines,LightBlue discover
194,195,195,Tambourines,SlateGray level
195,196,196,Kazoo,Moccasin spring
196,197,197,Piano,Red fall
197,198,198,Piano,LightSalmon life
198,199,199,Viola,Cyan open
199,200,200,Hurdy Gurdy,Salmon allow
200,201,201,Drums,Navy plan
201,202,202,Viola,DarkOliveGreen government
202,203,203,Kazoo,PaleVioletRed improve
203,204,204,Tambourines,LimeGreen necessary
204,205,205,Hurdy Gurdy,MediumBlue region
205,206,206,Violin,Navy south
206,207,207,Piano,Gold produce
207,208,208,Guitar,Orange marriage
208,209,209,Tambourines,DarkMagenta billion
209,210,210,Hurdy Gurdy,Olive sound
210,211,211,Viola,DarkSeaGreen late
211,212,212,Hurdy Gurdy,SlateBlue out
212,213,213,Tambourines,DarkKhaki only
213,214,214,Piano,OrangeRed financial
214,215,215,Tambourines,PaleGoldenRod whose
215,216,216,Hurdy Gurdy,Fuchsia service
216,217,217,Viola,RoyalBlue manage
217,218,218,Violin,PaleGreen east
218,219,219,Didgeridoo,AliceBlue character
219,220,220,Violin,Chocolate want
220,221,221,Tambourines,Teal explain
221,222,222,Didgeridoo,Brown spend
222,223,223,Hurdy Gurdy,Silver old
223,224,224,Kazoo,FireBrick machine
224,225,225,Violin,Brown director
225,226,226,Piano,SteelBlue bank
226,227,227,Hurdy Gurdy,Sienna skin
227,228,228,Piano,MediumSeaGreen similar
228,229,229,Piano,DarkOliveGreen matter
229,230,230,Tambourines,SteelBlue protect
230,231,231,Guitar,BurlyWood interview
231,232,232,Piano,SeaGreen pick
232,233,233,Hurdy Gurdy,Plum time
233,234,234,Didgeridoo,DeepPink other
234,235,235,Kazoo,Red entire
235,236,236,Viola,BlanchedAlmond sound
236,237,237,Piano,LightBlue office
237,238,238,Guitar,LemonChiffon middle
238,239,239,Viola,PeachPuff somebody
239,240,240,Kazoo,SandyBrown question
240,241,241,Didgeridoo,LightYellow reflect
241,242,242,Piano,DarkViolet item
242,243,243,Guitar,Green little
243,244,244,Violin,Red medical
244,245,245,Violin,LightCyan three
245,246,246,Hurdy Gurdy,Purple heart
246,247,247,Tambourines,HotPink man
247,248,248,Hurdy Gurdy,MediumTurquoise spring
248,249,249,Kazoo,Orchid front
249,250,250,Tambourines,LightSlateGray everybody
250,251,251,Viola,WhiteSmoke my
251,252,252,Kazoo,White break
252,253,253,Kazoo,Coral American
253,254,254,Hurdy Gurdy,DarkCyan chance
254,255,255,Hurdy Gurdy,BurlyWood big
255,256,256,Drums,SlateGray medical
256,257,257,Guitar,SeaShell central
257,258,258,Guitar,Yellow others
258,259,259,Kazoo,AliceBlue anything
259,260,260,Piano,MediumPurple budget
260,261,261,Viola,SeaShell people
261,262,262,Kazoo,OliveDrab central
262,263,263,Piano,Tomato scientist
263,264,264,Didgeridoo,SeaShell if
264,265,265,Drums,Lime themselves
265,266,266,Kazoo,Purple lay
266,267,267,Piano,HotPink boy
267,268,268,Didgeridoo,BlanchedAlmond four
268,269,269,Kazoo,Crimson east
269,270,270,Violin,DimGray forget
270,271,271,Viola,PaleTurquoise policy
271,272,272,Viola,MediumVioletRed rate
272,273,273,Viola,DarkSlateBlue become
273,274,274,Tambourines,Gold early
274,275,275,Viola,DarkGreen involve
275,276,276,Violin,Beige school
276,277,277,Tambourines,PapayaWhip specific
277,278,278,Drums,Orange of
278,279,279,Didgeridoo,CadetBlue ready
279,280,280,Didgeridoo,MediumSeaGreen theory
280,281,281,Viola,MediumOrchid high
281,282,282,Hurdy Gurdy,Red budget
282,283,283,Kazoo,YellowGreen like
283,284,284,Violin,Gray house
284,285,285,Piano,DarkGoldenRod support
285,286,286,Guitar,OldLace image
286,287,287,Kazoo,DarkSeaGreen policy
287,288,288,Piano,PaleGoldenRod big
288,289,289,Hurdy Gurdy,Coral build
289,290,290,Drums,LightGreen data
290,291,291,Guitar,Wheat back
291,292,292,Drums,SkyBlue indeed
292,293,293,Viola,SeaGreen per
293,294,294,Violin,GreenYellow know
294,295,295,Viola,Brown character
295,296,296,Viola,LightGreen specific
296,297,297,Piano,Salmon across
297,298,298,Tambourines,Aqua month
298,299,299,Piano,LightYellow show
299,300,300,Drums,YellowGreen chance
300,301,301,Tambourines,DarkOrange model
301,302,302,Tambourines,DarkOrange teacher
302,303,303,Violin,DarkRed protect
303,304,304,Guitar,DarkMagenta free
304,305,305,Hurdy Gurdy,OliveDrab Mr
305,306,306,Piano,DodgerBlue plant
306,307,307,Didgeridoo,DeepSkyBlue news
307,308,308,Viola,Violet various
308,309,309,Tambourines,NavajoWhite record
309,310,310,Hurdy Gurdy,DarkOliveGreen water
310,311,311,Didgeridoo,Gainsboro there
311,312,312,Didgeridoo,Purple make
312,313,313,Kazoo,Pink soon
313,314,314,Viola,DarkSalmon tonight
314,315,315,Guitar,PeachPuff but
315,316,316,Tambourines,LightBlue answer
316,317,317,Hurdy Gurdy,HoneyDew main
317,318,318,Hurdy Gurdy,DarkMagenta them
318,319,319,Piano,Moccasin base
319,320,320,Viola,Fuchsia eye
320,321,321,Hurdy Gurdy,Orange pass
321,322,322,Didgeridoo,Cyan imagine
322,323,323,Kazoo,LightSkyBlue let
323,324,324,Piano,Yellow visit
324,325,325,Tambourines,LightSeaGreen religious
325,326,326,Drums,LightSkyBlue western
326,327,327,Tambourines,DarkBlue statement
327,328,328,Drums,SlateGray difference
328,329,329,Didgeridoo,DimGray detail
329,330,330,Viola,Fuchsia me
330,331,331,Tambourines,PowderBlue traditional
331,332,332,Tambourines,Azure create
332,333,333,Kazoo,RoyalBlue remain
333,334,334,Piano,LightGoldenRodYellow table
334,335,335,Viola,ForestGreen west
335,336,336,Kazoo,Pink draw
336,337,337,Viola,Gray chair
337,338,338,Piano,Red nice
338,339,339,Tambourines,Cyan official
339,340,340,Didgeridoo,Chocolate play
340,341,341,Drums,YellowGreen list
341,342,342,Piano,MediumSeaGreen song
342,343,343,Violin,Thistle summer
343,344,344,Didgeridoo,Bisque phone
344,345,345,Guitar,NavajoWhite blood
345,346,346,Piano,LightBlue product
346,347,347,Guitar,White here
347,348,348,Tambourines,LightYellow bank
348,349,349,Kazoo,Tan a
349,350,350,Guitar,LightGoldenRodYellow fund
350,351,351,Hurdy Gurdy,LimeGreen perform
351,352,352,Viola,MediumSpringGreen through
352,353,353,Tambourines,OldLace up
353,354,354,Guitar,DarkViolet home
354,355,355,Violin,Orange way
355,356,356,Kazoo,CadetBlue each
356,357,357,Violin,Aqua star
357,358,358,Piano,Fuchsia allow
358,359,359,Tambourines,Linen yard
359,360,360,Piano,Silver heart
360,361,361,Kazoo,Chartreuse for
361,362,362,Guitar,NavajoWhite middle
362,363,363,Didgeridoo,Olive next
363,364,364,Guitar,LightCyan need
364,365,365,Hurdy Gurdy,YellowGreen still
365,366,366,Kazoo,LightGray staff
366,367,367,Guitar,SpringGreen reflect
367,368,368,Didgeridoo,MistyRose strategy
368,369,369,Guitar,Aqua scene
369,370,370,Kazoo,LightSlateGray live
370,371,371,Hurdy Gurdy,BlanchedAlmond live
371,372,372,Drums,DarkSlateBlue employee
372,373,373,Violin,LavenderBlush middle
373,374,374,Hurdy Gurdy,FloralWhite prove
374,375,375,Didgeridoo,LawnGreen car
375,376,376,Guitar,Gold too
376,377,377,Violin,BlanchedAlmond easy
377,378,378,Piano,GhostWhite cause
378,379,379,Piano,MediumAquaMarine source
379,380,380,Didgeridoo,MediumBlue community
380,381,381,Guitar,LightSkyBlue policy
381,382,382,Violin,Beige mean
382,383,383,Violin,MediumVioletRed total
383,384,384,Drums,Tan interest
384,385,385,Guitar,SaddleBrown coach
385,386,386,Violin,Navy something
386,387,387,Piano,DimGray left
387,388,388,Violin,SlateGray her
388,389,389,Guitar,Fuchsia theory
389,390,390,Guitar,LightGoldenRodYellow over
390,391,391,Hurdy Gurdy,MintCream hope
391,392,392,Drums,Ivory great
392,393,393,Hurdy Gurdy,LemonChiffon idea
393,394,394,Guitar,Aqua population
394,395,395,Didgeridoo,PeachPuff agent
395,396,396,Kazoo,DeepPink detail
396,397,397,Piano,LightGray wide
397,398,398,Tambourines,Crimson camera
398,399,399,Tambourines,Sienna sister
399,400,400,Hurdy Gurdy,Violet system
400,401,401,Tambourines,Aquamarine water
401,402,402,Hurdy Gurdy,LavenderBlush need
402,403,403,Kazoo,White marriage
403,404,404,Didgeridoo,Lavender require
404,405,405,Violin,BurlyWood throw
405,406,406,Piano,Blue stage
406,407,407,Hurdy Gurdy,PaleGreen fish
407,408,408,Kazoo,WhiteSmoke green
408,409,409,Viola,MintCream thought
409,410,410,Guitar,HoneyDew own
410,411,411,Didgeridoo,Orange suffer
411,412,412,Violin,Salmon adult
412,413,413,Drums,MediumSpringGreen cup
413,414,414,Tambourines,RosyBrown range
414,415,415,Viola,Chocolate walk
415,416,416,Tambourines,Purple thus
416,417,417,Didgeridoo,DarkGray issue
417,418,418,Viola,LightGray cup
418,419,419,Didgeridoo,DimGray cut
419,420,420,Tambourines,LightSlateGray product
420,421,421,Didgeridoo,DarkCyan tax
421,422,422,Viola,Brown threat
422,423,423,Violin,LavenderBlush song
423,424,424,Tambourines,Linen able
424,425,425,Viola,DarkSalmon then
425,426,426,Drums,Orchid reach
426,427,427,Violin,PapayaWhip represent
427,428,428,Tambourines,Khaki well
428,429,429,Kazoo,MediumVioletRed need
429,430,430,Piano,NavajoWhite situation
430,431,431,Hurdy Gurdy,PaleGreen environmental
431,432,432,Hurdy Gurdy,SlateBlue paper
432,433,433,Piano,Indigo action
433,434,434,Viola,DeepSkyBlue key
434,435,435,Piano,Red authority
435,436,436,Piano,DarkTurquoise yard
436,437,437,Kazoo,DarkGreen life
437,438,438,Kazoo,RosyBrown enter
438,439,439,Piano,Crimson myself
439,440,440,Violin,LemonChiffon wait
440,441,441,Viola,MediumSeaGreen them
441,442,442,Guitar,DarkGoldenRod factor
442,443,443,Violin,SeaGreen city
443,444,444,Violin,DarkKhaki bad
444,445,445,Guitar,LemonChiffon learn
445,446,446,Drums,Gainsboro simply
446,447,447,Kazoo,SteelBlue name
447,448,448,Kazoo,Orange finally
448,449,449,Guitar,HoneyDew process
449,450,450,Didgeridoo,Plum rich
450,451,451,Drums,DarkBlue also
451,452,452,Hurdy Gurdy,GreenYellow best
452,453,453,Piano,LightGreen lose
453,454,454,Didgeridoo,DarkSalmon will
454,455,455,Viola,LightSalmon break
455,456,456,Piano,LightSkyBlue wonder
456,457,457,Violin,Crimson finish
457,458,458,Viola,SeaGreen bed
458,459,459,Drums,Orchid direction
459,460,460,Violin,LavenderBlush doctor
460,461,461,Viola,Turquoise race
461,462,462,Violin,DarkViolet again
462,463,463,Guitar,MidnightBlue sell
463,464,464,Hurdy Gurdy,Yellow more
464,465,465,Violin,Crimson hair
465,466,466,Hurdy Gurdy,Aquamarine task
466,467,467,Drums,Aqua these
467,468,468,Violin,Indigo need
468,469,469,Violin,Ivory Mr
469,470,470,Drums,Gray order
470,471,471,Didgeridoo,OrangeRed sea
471,472,472,Tambourines,Chartreuse wish
472,473,473,Tambourines,PowderBlue military
473,474,474,Guitar,LightSalmon series
474,475,475,Piano,Maroon Mr
475,476,476,Tambourines,MediumPurple herself
476,477,477,Guitar,Gray sound
477,478,478,Didgeridoo,PaleTurquoise trouble
478,479,479,Drums,DarkTurquoise everybody
479,480,480,Didgeridoo,DodgerBlue fall
480,481,481,Drums,LightGray girl
481,482,482,Guitar,DarkOliveGreen baby
482,483,483,Piano,PaleVioletRed maybe
483,484,484,Didgeridoo,Tomato focus
484,485,485,Hurdy Gurdy,MediumTurquoise enjoy
485,486,486,Drums,SlateGray although
486,487,487,Piano,Lavender camera
487,488,488,Viola,DarkCyan establish
488,489,489,Hurdy Gurdy,MediumSeaGreen city
489,490,490,Drums,LimeGreen kind
490,491,491,Violin,LawnGreen member
491,492,492,Viola,DeepSkyBlue pick
492,493,493,Violin,SandyBrown television
493,494,494,Piano,DarkSlateGray budget
494,495,495,Didgeridoo,PapayaWhip just
495,496,496,Piano,LightGreen safe
496,497,497,Didgeridoo,MediumAquaMarine bed
497,498,498,Piano,Gray economy
498,499,499,Didgeridoo,ForestGreen culture
499,500,500,Hurdy Gurdy,Black strong
500,501,501,Guitar,LightBlue point
501,502,502,Didgeridoo,WhiteSmoke information
502,503,503,Guitar,DarkViolet firm
503,504,504,Guitar,HoneyDew different
504,505,505,Violin,DarkViolet near
505,506,506,Kazoo,PowderBlue join
506,507,507,Hurdy Gurdy,PaleTurquoise blue
507,508,508,Didgeridoo,Beige piece
508,509,509,Didgeridoo,DarkViolet rise
509,510,510,Tambourines,BlueViolet food
510,511,511,Didgeridoo,Aquamarine another
511,512,512,Tambourines,Coral yes
512,513,513,Viola,DarkSalmon PM
513,514,514,Hurdy Gurdy,DarkSlateBlue as
514,515,515,Drums,Olive method
515,516,516,Violin,YellowGreen economic
516,517,517,Tambourines,BlanchedAlmond pressure
517,518,518,Piano,LavenderBlush section
518,519,519,Didgeridoo,Indigo than
519,520,520,Guitar,Purple story
520,521,521,Kazoo,BlanchedAlmond degree
521,522,522,Viola,LightSeaGreen fall
522,523,523,Violin,OliveDrab herself
523,524,524,Kazoo,ForestGreen describe
524,525,525,Hurdy Gurdy,SaddleBrown nothing
525,526,526,Viola,DarkCyan by
526,527,527,Viola,Silver speak
527,528,528,Didgeridoo,SpringGreen material
528,529,529,Hurdy Gurdy,Cornsilk consumer
529,530,530,Kazoo,LightYellow on
530,531,531,Guitar,Red face
531,532,532,Guitar,MediumTurquoise technology
532,533,533,Violin,DarkSlateBlue travel
533,534,534,Viola,AntiqueWhite pressure
534,535,535,Didgeridoo,BurlyWood base
535,536,536,Tambourines,PaleTurquoise myself
536,537,537,Didgeridoo,Cornsilk measure
537,538,538,Violin,Peru decide
538,539,539,Hurdy Gurdy,PapayaWhip later
539,540,540,Didgeridoo,RosyBrown though
540,541,541,Hurdy Gurdy,Teal very
541,542,542,Kazoo,Peru identify
542,543,543,Guitar,SaddleBrown campaign
543,544,544,Didgeridoo,Navy face
544,545,545,Didgeridoo,Turquoise safe
545,546,546,Tambourines,SaddleBrown in
546,547,547,Viola,LightBlue compare
547,548,548,Viola,SteelBlue choose
548,549,549,Piano,DarkMagenta range
549,550,550,Viola,PeachPuff natural
550,551,551,Didgeridoo,IndianRed toward
551,552,552,Hurdy Gurdy,GhostWhite form
552,553,553,Violin,DarkKhaki tough
553,554,554,Guitar,LightSteelBlue job
554,555,555,Violin,YellowGreen despite
555,556,556,Viola,BlueViolet middle
556,557,557,Drums,Teal may
557,558,558,Violin,LightPink tax
558,559,559,Guitar,MediumBlue of
559,560,560,Piano,SteelBlue break
560,561,561,Violin,Beige up
561,562,562,Tambourines,Ivory son
562,563,563,Piano,Khaki by
563,564,564,Violin,MediumAquaMarine between
564,565,565,Hurdy Gurdy,MediumSeaGreen say
565,566,566,Drums,Maroon radio
566,567,567,Piano,LightYellow great
567,568,568,Drums,Gainsboro Republican
568,569,569,Piano,Green summer
569,570,570,Tambourines,DarkSeaGreen company
570,571,571,Viola,SteelBlue home
571,572,572,Viola,BurlyWood course
572,573,573,Hurdy Gurdy,DarkOliveGreen force
573,574,574,Drums,Pink various
574,575,575,Viola,Snow Republican
575,576,576,Tambourines,Violet bit
576,577,577,Piano,DodgerBlue city
577,578,578,Violin,DarkGreen both
578,579,579,Didgeridoo,LimeGreen indicate
579,580,580,Violin,DarkGreen character
580,581,581,Tambourines,Coral college
581,582,582,Viola,Ivory himself
582,583,583,Kazoo,BurlyWood possible
583,584,584,Piano,BlanchedAlmond star
584,585,585,Piano,SandyBrown court
585,586,586,Hurdy Gurdy,GreenYellow participant
586,587,587,Viola,PowderBlue event
587,588,588,Drums,PaleTurquoise tax
588,589,589,Didgeridoo,FloralWhite sing
589,590,590,Violin,LawnGreen she
590,591,591,Kazoo,BurlyWood democratic
591,592,592,Piano,Brown environmental
592,593,593,Hurdy Gurdy,BlueViolet themselves
593,594,594,Hurdy Gurdy,Peru least
594,595,595,Drums,Cornsilk spend
595,596,596,Viola,Thistle meeting
596,597,597,Violin,Peru movement
597,598,598,Guitar,LightSkyBlue better
598,599,599,Kazoo,SkyBlue spend
599,600,600,Didgeridoo,LightCoral prove
600,601,601,Guitar,Black gas
601,602,602,Tambourines,Red until
602,603,603,Piano,Red within
603,604,604,Violin,DarkRed president
604,605,605,Viola,Violet wait
605,606,606,Didgeridoo,LightSlateGray nearly
606,607,607,Didgeridoo,DarkOliveGreen doctor
607,608,608,Piano,Wheat job
608,609,609,Hurdy Gurdy,Lime order
609,610,610,Kazoo,Chocolate relate
610,611,611,Viola,DarkMagenta modern
611,612,612,Kazoo,DarkSeaGreen above
612,613,613,Tambourines,MediumTurquoise hear
613,614,614,Viola,Beige just
614,615,615,Kazoo,MediumPurple arm
615,616,616,Guitar,SlateGray choose
616,617,617,Didgeridoo,Indigo when
617,618,618,Drums,SpringGreen grow
618,619,619,Drums,Olive trouble
619,620,620,Kazoo,DarkSalmon leg
620,621,621,Violin,Lime central
621,622,622,Guitar,DarkSlateGray room
622,623,623,Violin,MediumVioletRed always
623,624,624,Violin,FloralWhite arrive
624,625,625,Hurdy Gurdy,BlanchedAlmond moment
625,626,626,Violin,Ivory for
626,627,627,Guitar,Brown guy
627,628,628,Hurdy Gurdy,MistyRose add
628,629,629,Tambourines,DarkMagenta magazine
629,630,630,Piano,DarkOrange everyone
630,631,631,Viola,AntiqueWhite bank
631,632,632,Hurdy Gurdy,DimGray military
632,633,633,Guitar,Olive rule
633,634,634,Viola,OldLace return
634,635,635,Violin,MediumTurquoise short
635,636,636,Drums,OrangeRed safe
636,637,637,Drums,DimGray son
637,638,638,Piano,SlateGray fly
638,639,639,Piano,DarkKhaki finally
639,640,640,Piano,Sienna ok
640,641,641,Didgeridoo,DarkTurquoise him
641,642,642,Tambourines,Tomato exactly
642,643,643,Guitar,Fuchsia job
643,644,644,Guitar,MediumSlateBlue ahead
644,645,645,Guitar,Moccasin within
645,646,646,Piano,Pink north
646,647,647,Viola,DarkRed national
647,648,648,Violin,LightGreen between
648,649,649,Viola,DarkGoldenRod information
649,650,650,Guitar,DarkRed deal
650,651,651,Drums,LightCyan fine
651,652,652,Guitar,Snow still
652,653,653,Violin,DeepSkyBlue partner
653,654,654,Hurdy Gurdy,Purple mean
654,655,655,Viola,DarkGreen point
655,656,656,Hurdy Gurdy,MediumVioletRed teach
656,657,657,Violin,SandyBrown citizen
657,658,658,Didgeridoo,Turquoise suffer
658,659,659,Didgeridoo,Lime brother
659,660,660,Violin,SaddleBrown production
660,661,661,Guitar,WhiteSmoke heart
661,662,662,Drums,DeepSkyBlue skin
662,663,663,Piano,CornflowerBlue positive
663,664,664,Violin,LightGray specific
664,665,665,Piano,PapayaWhip teacher
665,666,666,Viola,Olive film
666,667,667,Kazoo,IndianRed else
667,668,668,Viola,LimeGreen yard
668,669,669,Tambourines,LightBlue can
669,670,670,Viola,DodgerBlue around
670,671,671,Guitar,Gainsboro professional
671,672,672,Hurdy Gurdy,Plum make
672,673,673,Violin,Plum across
673,674,674,Hurdy Gurdy,SpringGreen protect
674,675,675,Hurdy Gurdy,PowderBlue be
675,676,676,Piano,RosyBrown traditional
676,677,677,Kazoo,LimeGreen letter
677,678,678,Guitar,GhostWhite environment
678,679,679,Kazoo,HoneyDew and
679,680,680,Hurdy Gurdy,DarkViolet Democrat
680,681,681,Violin,MidnightBlue participant
681,682,682,Tambourines,Navy wish
682,683,683,Hurdy Gurdy,YellowGreen cold
683,684,684,Piano,DarkSalmon everybody
684,685,685,Kazoo,LightCoral know
685,686,686,Kazoo,HotPink store
686,687,687,Piano,LimeGreen current
687,688,688,Kazoo,Moccasin onto
688,689,689,Tambourines,MediumAquaMarine social
689,690,690,Hurdy Gurdy,Navy administration
690,691,691,Guitar,Thistle edge
691,692,692,Tambourines,LightGreen alone
692,693,693,Kazoo,NavajoWhite recognize
693,694,694,Tambourines,RosyBrown local
694,695,695,Piano,Plum identify
695,696,696,Guitar,MediumTurquoise consumer
696,697,697,Drums,Peru choose
697,698,698,Drums,DeepPink tax
698,699,699,Piano,SkyBlue degree
699,700,700,Drums,DarkGray sometimes
700,701,701,Viola,DarkSlateBlue between
701,702,702,Piano,MintCream budget
702,703,703,Viola,DimGray participant
703,704,704,Hurdy Gurdy,SaddleBrown modern
704,705,705,Tambourines,GreenYellow hundred
705,706,706,Guitar,Tan fly
706,707,707,Tambourines,Olive fear
707,708,708,Didgeridoo,FloralWhite look
708,709,709,Guitar,MediumBlue within
709,710,710,Drums,Gold just
710,711,711,Piano,RoyalBlue recent
711,712,712,Drums,Orchid company
712,713,713,Guitar,Violet pay
713,714,714,Violin,LightSteelBlue buy
714,715,715,Didgeridoo,MediumTurquoise past
715,716,716,Kazoo,Snow fast
716,717,717,Hurdy Gurdy,LightYellow exist
717,718,718,Didgeridoo,LemonChiffon age
718,719,719,Piano,Aquamarine brother
719,720,720,Violin,Violet way
720,721,721,Viola,MediumSlateBlue involve
721,722,722,Viola,Aquamarine imagine
722,723,723,Hurdy Gurdy,Olive laugh
723,724,724,Drums,Purple method
724,725,725,Guitar,Gray skill
725,726,726,Didgeridoo,SandyBrown anyone
726,727,727,Hurdy Gurdy,MediumSlateBlue magazine
727,728,728,Hurdy Gurdy,Fuchsia sometimes
728,729,729,Guitar,DeepPink film
729,730,730,Tambourines,LightCyan near
730,731,731,Piano,Linen case
731,732,732,Kazoo,DarkSlateGray claim
732,733,733,Didgeridoo,DarkViolet outside
733,734,734,Tambourines,Coral environmental
734,735,735,Piano,SeaGreen everything
735,736,736,Violin,MediumAquaMarine heavy
736,737,737,Didgeridoo,LightSkyBlue threat
737,738,738,Guitar,Magenta main
738,739,739,Didgeridoo,Black save
739,740,740,Didgeridoo,OrangeRed guy
740,741,741,Viola,Khaki with
741,742,742,Guitar,Ivory owner
742,743,743,Hurdy Gurdy,Aqua standard
743,744,744,Kazoo,Peru appear
744,745,745,Piano,DarkSlateBlue huge
745,746,746,Violin,Khaki not
746,747,747,Guitar,Aqua describe
747,748,748,Violin,GhostWhite audience
748,749,749,Hurdy Gurdy,Turquoise oil
749,750,750,Piano,OrangeRed fact
750,751,751,Piano,AliceBlue officer
751,752,752,Didgeridoo,RoyalBlue buy
752,753,753,Piano,Thistle voice
753,754,754,Tambourines,BlanchedAlmond open
754,755,755,Viola,RoyalBlue little
755,756,756,Hurdy Gurdy,SlateBlue high
756,757,757,Viola,PapayaWhip natural
757,758,758,Tambourines,LightCoral these
758,759,759,Viola,Violet article
759,760,760,Didgeridoo,MidnightBlue economy
760,761,761,Didgeridoo,Black store
761,762,762,Violin,DarkGreen soldier
762,763,763,Hurdy Gurdy,CadetBlue develop
763,764,764,Hurdy Gurdy,DarkRed during
764,765,765,Hurdy Gurdy,LightCoral position
765,766,766,Didgeridoo,Ivory stage
766,767,767,Hurdy Gurdy,FireBrick director
767,768,768,Drums,LightSeaGreen consider
768,769,769,Didgeridoo,LightYellow help
769,770,770,Guitar,MediumAquaMarine thought
770,771,771,Didgeridoo,MediumOrchid seven
771,772,772,Guitar,Violet outside
772,773,773,Guitar,Cyan see
773,774,774,Drums,Gainsboro theory
774,775,775,Violin,LemonChiffon camera
775,776,776,Guitar,AntiqueWhite you
776,777,777,Kazoo,LightSteelBlue especially
777,778,778,Piano,DarkSalmon last
778,779,779,Violin,MistyRose quickly
779,780,780,Drums,BlanchedAlmond market
780,781,781,Didgeridoo,DarkTurquoise something
781,782,782,Drums,Black likely
782,783,783,Didgeridoo,LimeGreen cultural
783,784,784,Kazoo,DarkTurquoise lead
784,785,785,Piano,MediumAquaMarine require
785,786,786,Tambourines,MediumBlue I
786,787,787,Guitar,DarkGreen stay
787,788,788,Piano,Turquoise fine
788,789,789,Didgeridoo,LightCoral age
789,790,790,Didgeridoo,LawnGreen young
790,791,791,Violin,DodgerBlue alone
791,792,792,Guitar,LightGray difference
792,793,793,Drums,Green big
793,794,794,Guitar,OldLace allow
794,795,795,Tambourines,Aqua may
795,796,796,Viola,Cornsilk analysis
796,797,797,Drums,Chocolate star
797,798,798,Viola,PowderBlue knowledge
798,799,799,Viola,Green sign
799,800,800,Didgeridoo,Orange six
800,801,801,Didgeridoo,Salmon for
801,802,802,Hurdy Gurdy,SeaShell better
802,803,803,Piano,Chocolate year
803,804,804,Piano,LimeGreen health
804,805,805,Piano,Violet everything
805,806,806,Violin,Black house
806,807,807,Kazoo,DarkRed moment
807,808,808,Violin,Coral number
808,809,809,Tambourines,GhostWhite southern
809,810,810,Violin,PaleGoldenRod song
810,811,811,Hurdy Gurdy,BlueViolet about
811,812,812,Viola,MediumSpringGreen mission
812,813,813,Didgeridoo,Lavender hit
813,814,814,Kazoo,FireBrick security
814,815,815,Kazoo,Gray old
815,816,816,Viola,DarkBlue along
816,817,817,Guitar,DarkMagenta yet
817,818,818,Viola,BlueViolet thank
818,819,819,Piano,DarkGray strategy
819,820,820,Didgeridoo,SeaShell community
820,821,821,Kazoo,DarkBlue possible
821,822,822,Tambourines,PaleGreen these
822,823,823,Drums,Yellow whose
823,824,824,Tambourines,Cornsilk kind
824,825,825,Violin,Gray big
825,826,826,Guitar,MediumSeaGreen course
826,827,827,Guitar,SpringGreen building
827,828,828,Viola,DarkTurquoise story
828,829,829,Violin,OldLace rock
829,830,830,Viola,WhiteSmoke term
830,831,831,Drums,MediumTurquoise prepare
831,832,832,Viola,Orchid recognize
832,833,833,Tambourines,MediumVioletRed move
833,834,834,Violin,SaddleBrown use
834,835,835,Kazoo,HotPink certain
835,836,836,Violin,SlateGray short
836,837,837,Viola,Brown project
837,838,838,Viola,DarkViolet none
838,839,839,Violin,DarkMagenta less
839,840,840,Violin,Fuchsia same
840,841,841,Piano,GhostWhite court
841,842,842,Viola,Chocolate west
842,843,843,Kazoo,Teal either
843,844,844,Piano,DarkOrange style
844,845,845,Guitar,PowderBlue she
845,846,846,Didgeridoo,Salmon product
846,847,847,Hurdy Gurdy,ForestGreen dinner
847,848,848,Guitar,OliveDrab American
848,849,849,Viola,Black gun
849,850,850,Kazoo,LawnGreen food
850,851,851,Viola,DarkTurquoise next
851,852,852,Violin,DarkOrchid PM
852,853,853,Kazoo,Azure effect
853,854,854,Piano,Yellow sport
854,855,855,Kazoo,Lavender maybe
855,856,856,Hurdy Gurdy,Aqua experience
856,857,857,Didgeridoo,Orange history
857,858,858,Tambourines,BlueViolet by
858,859,859,Hurdy Gurdy,LightCyan stay
859,860,860,Guitar,Orange test
860,861,861,Hurdy Gurdy,DarkViolet live
861,862,862,Viola,Orange myself
862,863,863,Piano,Snow check
863,864,864,Hurdy Gurdy,RoyalBlue beyond
864,865,865,Hurdy Gurdy,Azure item
865,866,866,Drums,SandyBrown girl
866,867,867,Viola,MidnightBlue real
867,868,868,Hurdy Gurdy,DarkRed live
868,869,869,Guitar,DarkGreen approach
869,870,870,Kazoo,Cyan maintain
870,871,871,Tambourines,SeaShell half
871,872,872,Guitar,Black condition
872,873,873,Guitar,Black especially
873,874,874,Tambourines,SaddleBrown deal
874,875,875,Drums,Sienna page
875,876,876,Piano,ForestGreen sure
876,877,877,Hurdy Gurdy,Turquoise kitchen
877,878,878,Tambourines,DarkGreen personal
878,879,879,Viola,LightCoral result
879,880,880,Viola,GoldenRod bit
880,881,881,Piano,SkyBlue we
881,882,882,Hurdy Gurdy,MediumTurquoise past
882,883,883,Piano,DarkGreen course
883,884,884,Drums,Orchid we
884,885,885,Tambourines,PapayaWhip last
885,886,886,Kazoo,BlanchedAlmond good
886,887,887,Viola,Linen reduce
887,888,888,Piano,MediumOrchid recently
888,889,889,Didgeridoo,Bisque west
889,890,890,Piano,Red them
890,891,891,Drums,LightCoral pay
891,892,892,Tambourines,AliceBlue himself
892,893,893,Kazoo,Cyan business
893,894,894,Viola,DeepPink fire
894,895,895,Kazoo,PaleGoldenRod money
895,896,896,Tambourines,DarkCyan standard
896,897,897,Hurdy Gurdy,Pink outside
897,898,898,Piano,Brown listen
898,899,899,Violin,HotPink significant
899,900,900,Kazoo,RoyalBlue field
900,901,901,Violin,MintCream cold
901,902,902,Piano,White interesting
902,903,903,Tambourines,Aqua blue
903,904,904,Tambourines,DeepSkyBlue show
904,905,905,Violin,Tomato live
905,906,906,Piano,OrangeRed reach
906,907,907,Viola,Aquamarine from
907,908,908,Drums,DarkGray cover
908,909,909,Drums,DimGray lawyer
909,910,910,Didgeridoo,Plum war
910,911,911,Kazoo,Yellow blood
911,912,912,Hurdy Gurdy,Plum wind
912,913,913,Piano,MediumSeaGreen throw
913,914,914,Guitar,DarkBlue figure
914,915,915,Viola,DeepPink simple
915,916,916,Viola,Thistle teach
916,917,917,Viola,DarkGoldenRod well
917,918,918,Piano,SaddleBrown involve
918,919,919,Guitar,LightGray memory
919,920,920,Viola,DarkMagenta reason
920,921,921,Tambourines,GhostWhite condition
921,922,922,Drums,Chartreuse sure
922,923,923,Didgeridoo,DarkBlue determine
923,924,924,Viola,DarkSlateGray window
924,925,925,Viola,SandyBrown pay
925,926,926,Piano,RosyBrown someone
926,927,927,Tambourines,MediumSeaGreen test
927,928,928,Hurdy Gurdy,Orange economic
928,929,929,Violin,MediumBlue stand
929,930,930,Drums,MistyRose accept
930,931,931,Didgeridoo,FloralWhite way
931,932,932,Violin,Aquamarine college
932,933,933,Violin,GreenYellow at
933,934,934,Didgeridoo,GhostWhite share
934,935,935,Kazoo,DarkMagenta whom
935,936,936,Drums,Wheat impact
936,937,937,Kazoo,DarkRed entire
937,938,938,Hurdy Gurdy,LightCyan necessary
938,939,939,Violin,Plum exactly
939,940,940,Didgeridoo,CornflowerBlue country
940,941,941,Tambourines,NavajoWhite back
941,942,942,Kazoo,AliceBlue effort
942,943,943,Viola,LightCyan represent
943,944,944,Viola,MediumAquaMarine drug
944,945,945,Kazoo,SpringGreen prepare
945,946,946,Violin,Bisque become
946,947,947,Tambourines,DarkGray Democrat
947,948,948,Drums,Red high
948,949,949,Viola,DarkOrchid inside
949,950,950,Tambourines,Beige light
950,951,951,Hurdy Gurdy,DarkGoldenRod hot
951,952,952,Violin,PaleGreen western
952,953,953,Hurdy Gurdy,MediumPurple possible
953,954,954,Viola,OrangeRed trial
954,955,955,Hurdy Gurdy,CadetBlue agent
955,956,956,Drums,Linen television
956,957,957,Hurdy Gurdy,White turn
957,958,958,Guitar,PapayaWhip race
958,959,959,Guitar,GreenYellow fine
959,960,960,Piano,DarkGoldenRod forget
960,961,961,Hurdy Gurdy,SkyBlue provide
961,962,962,Didgeridoo,LemonChiffon party
962,963,963,Tambourines,LightCyan politics
963,964,964,Violin,Plum defense
964,965,965,Viola,Sienna push
965,966,966,Viola,Crimson worry
966,967,967,Violin,LawnGreen space
967,968,968,Viola,PaleGreen guess
968,969,969,Viola,MediumVioletRed stock
969,970,970,Hurdy Gurdy,Tan television
970,971,971,Guitar,SkyBlue seek
971,972,972,Tambourines,OrangeRed sport
972,973,973,Guitar,DarkSeaGreen behavior
973,974,974,Didgeridoo,LightYellow board
974,975,975,Piano,OrangeRed control
975,976,976,Violin,GhostWhite can
976,977,977,Drums,DarkRed shake
977,978,978,Kazoo,Wheat me
978,979,979,Violin,DarkRed person
979,980,980,Tambourines,BlueViolet week
980,981,981,Viola,SandyBrown control
981,982,982,Guitar,Black agent
982,983,983,Hurdy Gurdy,LawnGreen toward
983,984,984,Piano,YellowGreen man
984,985,985,Hurdy Gurdy,PaleVioletRed above
985,986,986,Viola,PeachPuff yet
986,987,987,Piano,Gray blue
987,988,988,Hurdy Gurdy,LightBlue suddenly
988,989,989,Violin,SkyBlue meet
989,990,990,Tambourines,DarkSlateGray return
990,991,991,Kazoo,DarkBlue who
991,992,992,Didgeridoo,Moccasin so
992,993,993,Guitar,DarkCyan choose
993,994,994,Didgeridoo,Lavender inside
994,995,995,Guitar,SeaGreen interesting
995,996,996,Piano,SpringGreen marriage
996,997,997,Hurdy Gurdy,DarkGreen physical
997,998,998,Violin,Crimson step
998,999,999,Kazoo,Moccasin without
999,1000,1000,Piano,PaleTurquoise dinner
