0,Turquoise,1973-11-06,West Garyfort,1
1,DarkSalmon,1982-01-10,North William,2
2,SkyBlue,2001-05-16,Lake Angela,3
3,Teal,2012-05-31,Muellerborough,4
4,Coral,1974-08-04,Lake Andrewberg,5
5,PaleVioletRed,2012-04-19,Thomasberg,6
6,CadetBlue,2013-03-20,Port Jeantown,7
7,Chartreuse,1971-08-31,Stevenburgh,8
8,WhiteSmoke,1995-05-01,Port Robert,9
9,Gold,1978-04-14,North Christina,10
10,DodgerBlue,1985-10-06,New Amychester,11
11,DimGray,1980-08-13,Stephaniemouth,12
12,Thistle,2018-01-01,Michaelmouth,13
13,Snow,1976-11-01,South Laurie,14
14,NavajoWhite,1992-10-15,Port Steven,15
15,Magenta,1983-11-29,Parkerfurt,16
16,BlanchedAlmond,1977-08-13,Lake Nicholasborough,17
17,DarkViolet,2007-06-21,Ricardofort,18
18,GoldenRod,1994-06-11,Port Jessicafurt,19
19,Bisque,1995-05-15,Cherylhaven,20
20,LightPink,1997-04-23,Gibsonbury,21
21,RosyBrown,2001-09-03,Port Johnport,22
22,SeaShell,2018-10-31,Kimberlyfurt,23
23,Olive,2014-10-17,New Karenberg,24
24,LightCoral,1989-11-09,Mooreborough,25
25,DarkGoldenRod,2000-06-18,Wallerbury,26
26,Azure,1991-04-22,South Laurafurt,27
27,Tan,1983-10-23,Sandraborough,28
28,AliceBlue,1996-05-08,Richardport,29
29,NavajoWhite,1979-04-14,North Lance,30
30,AntiqueWhite,2015-10-06,Nicholstown,31
31,Teal,1974-08-08,South Dakotachester,32
32,Yellow,1993-11-19,East Jacobland,33
33,LightSlateGray,2012-02-06,New Angela,34
34,PowderBlue,1993-09-26,East Paulaville,35
35,PaleTurquoise,1992-02-29,Roseport,36
36,FireBrick,1996-08-18,Jessicaview,37
37,NavajoWhite,2019-06-13,Sarahaven,38
38,DarkGray,2000-11-21,Davidsonburgh,39
39,MediumSlateBlue,2013-03-20,New Daniel,40
40,PaleVioletRed,1979-04-26,Snyderbury,41
41,DarkSalmon,1992-10-13,Goldenfurt,42
42,OrangeRed,1982-01-24,Port Emilyton,43
43,SaddleBrown,1981-09-03,Port Deanna,44
44,Salmon,1990-01-17,Thompsonfort,45
45,LavenderBlush,2004-09-29,Romerohaven,46
46,LightSalmon,1987-05-11,Catherineville,47
47,Khaki,1985-05-22,New Timothyview,48
48,SlateBlue,1972-01-28,West Davidfurt,49
49,RoyalBlue,2012-06-27,Smithshire,50
50,Peru,1991-04-05,Williamsburgh,51
51,GreenYellow,2014-05-16,Port Damonborough,52
52,MediumOrchid,2012-08-25,Andrewhaven,53
53,Snow,2001-04-24,New Brenda,54
54,MediumBlue,1985-04-13,South Danielbury,55
55,Yellow,2016-01-21,Mckenzieville,56
56,YellowGreen,2011-07-01,Garciaburgh,57
57,SaddleBrown,1981-08-13,Kevinside,58
58,SeaGreen,2010-07-09,West Alexanderfurt,59
59,Ivory,1999-01-02,South Anna,60
60,LimeGreen,2006-07-13,South April,61
61,LightSteelBlue,2012-12-09,Lake Catherine,62
62,Aquamarine,1982-07-10,East James,63
63,Indigo,2018-01-24,New Jeremy,64
64,DimGray,2006-03-23,East Sherriton,65
65,Fuchsia,1998-03-24,North Joshua,66
66,LightSteelBlue,2019-07-03,Hammondtown,67
67,DarkGreen,2015-09-18,East Jeffreyburgh,68
68,DeepPink,2010-01-31,Johnsonmouth,69
69,GreenYellow,2017-10-21,South Paul,70
70,PaleGreen,2006-01-19,Jamesmouth,71
71,Beige,1986-04-15,South Rachel,72
72,Aqua,1999-06-20,West Christineview,73
73,Silver,1978-03-04,West Andrew,74
74,PowderBlue,2009-09-17,Lake Richardberg,75
75,OliveDrab,2010-03-10,East Josephfurt,76
76,Coral,1997-11-15,Joseport,77
77,DodgerBlue,1980-02-25,Lake Stevenfort,78
78,Yellow,1986-03-25,Lake Shawn,79
79,Purple,2014-11-07,Lake Erinburgh,80
80,Aquamarine,2010-01-02,East James,81
81,Yellow,1980-03-12,West Brittany,82
82,DarkRed,2009-07-09,South Annehaven,83
83,DarkGreen,2011-07-20,Charlesside,84
84,DarkMagenta,1996-11-05,Annland,85
85,DarkMagenta,1990-02-02,Lopezhaven,86
86,HoneyDew,1989-12-21,West Melissa,87
87,Navy,2015-10-16,West Jenniferburgh,88
88,WhiteSmoke,2003-04-02,East Rosefurt,89
89,White,1974-07-17,Kylemouth,90
90,Peru,2014-03-08,Blackwellborough,91
91,ForestGreen,1987-09-16,Aprilland,92
92,SandyBrown,1986-04-09,Matthewview,93
93,Red,2010-10-07,North Jasonmouth,94
94,Gold,2019-06-21,Adamshaven,95
95,SkyBlue,2005-02-07,South Isabelbury,96
96,Black,2010-04-01,Port Michaelmouth,97
97,GreenYellow,1999-05-28,Millerside,98
98,LightCoral,2008-12-24,West Jeff,99
99,LightGoldenRodYellow,2018-02-05,Byrdfort,100
100,LightGoldenRodYellow,1976-11-21,Olivertown,101
101,Gainsboro,2007-04-16,North Stephen,102
102,DimGray,1998-08-26,West Anthonyhaven,103
103,FireBrick,1971-04-05,Sanchezside,104
104,DarkGreen,1978-08-16,New Christopherville,105
105,Gold,2019-05-04,Justinfurt,106
106,PaleTurquoise,2019-12-13,Virginiastad,107
107,PeachPuff,1972-09-26,Robertton,108
108,Fuchsia,1994-12-04,Lake Sarah,109
109,IndianRed,2010-02-05,Mariahaven,110
110,MediumSlateBlue,1974-07-25,Huntershire,111
111,DarkOliveGreen,2003-03-13,Cherrytown,112
112,PaleGoldenRod,1991-01-02,North Austin,113
113,Aqua,1984-11-29,Parkertown,114
114,PaleTurquoise,2011-11-30,Lake Allen,115
115,Aquamarine,2013-05-20,West Samantha,116
116,OldLace,1978-07-25,East Matthewport,117
117,DeepPink,1988-03-10,East Ericland,118
118,BlanchedAlmond,2009-11-14,South Williammouth,119
119,Orange,1971-02-16,West Josephtown,120
120,NavajoWhite,2002-05-24,West Martinstad,121
121,MidnightBlue,1971-10-11,Lake Loriside,122
122,Fuchsia,2000-09-04,New Michaelton,123
123,DarkViolet,1972-06-25,Colinside,124
124,LightCyan,2008-11-16,West Bradleyfurt,125
125,SteelBlue,2007-12-25,Alexanderberg,126
126,DarkMagenta,1987-03-14,Melissamouth,127
127,Snow,1978-02-02,Lake Robinton,128
128,Coral,1983-03-16,Jeffreyfurt,129
129,Orchid,1996-10-04,South Douglasfort,130
130,Tan,1983-01-01,Lake Michael,131
131,DeepPink,2018-03-26,Port Duane,132
132,LightYellow,1999-10-21,South Julie,133
133,Gray,1981-06-13,Nguyenborough,134
134,PaleTurquoise,1997-09-22,Jamesstad,135
135,LightPink,2017-01-28,Simmonsfort,136
136,Turquoise,1991-05-19,Cruzland,137
137,OliveDrab,2010-10-12,Walkermouth,138
138,Peru,2019-03-22,Dwaynefort,139
139,LightGray,1997-03-27,Justinchester,140
140,Chocolate,2006-02-27,Jonathanton,141
141,SkyBlue,2009-07-10,Johnshire,142
142,Aquamarine,1999-06-16,Santosbury,143
143,LightGoldenRodYellow,1981-02-27,Cannonburgh,144
144,Wheat,2001-02-13,Nicolemouth,145
145,LavenderBlush,1986-02-16,Kathleenfort,146
146,LightGray,2008-11-27,Riggsport,147
147,CornflowerBlue,1974-05-11,New Danielbury,148
148,Salmon,1985-07-09,Joytown,149
149,YellowGreen,2004-04-20,Haleyborough,150
150,OliveDrab,2013-03-07,Port Jack,151
151,Purple,1990-02-01,New Jessica,152
152,MediumSeaGreen,1970-03-28,South Samuel,153
153,MediumOrchid,1987-11-25,North Sean,154
154,LightCoral,1970-05-20,East Jon,155
155,LightPink,1998-07-28,South David,156
156,MistyRose,2007-07-12,Wilsonville,157
157,Linen,1984-08-12,Port Michaelchester,158
158,MediumOrchid,1978-07-17,Mayside,159
159,Coral,2004-01-13,West Samuel,160
160,IndianRed,2017-06-15,Rodriguezview,161
161,Lime,2019-11-06,West Nicole,162
162,LightPink,1972-07-29,Meganburgh,163
163,Wheat,1980-05-18,North Jennifer,164
164,White,1996-06-01,North Jonathan,165
165,RosyBrown,1986-09-03,Mcdonaldfort,166
166,DeepPink,1992-09-17,Carlosport,167
167,DarkSlateGray,1988-10-21,East Alexfurt,168
168,PowderBlue,1997-03-12,East Kimberly,169
169,LightGoldenRodYellow,2014-02-01,New Jameshaven,170
170,WhiteSmoke,1999-11-25,Port Tammyfurt,171
171,Crimson,2013-12-22,East Roberta,172
172,DodgerBlue,1996-08-27,South Nicole,173
173,Violet,2017-05-31,Port Troyborough,174
174,Gold,2015-01-18,Johnsonchester,175
175,Purple,2010-10-03,New Darren,176
176,OrangeRed,2020-09-18,North Meganview,177
177,DarkOrchid,2006-06-23,Craigborough,178
178,Black,2007-10-27,Edwardburgh,179
179,Yellow,1990-10-14,Port Amandatown,180
180,Lime,2015-12-01,South Shelly,181
181,LightSeaGreen,1976-02-25,New Normanfurt,182
182,Cyan,2017-11-02,Port Mary,183
183,AliceBlue,2006-04-04,North Alexander,184
184,RoyalBlue,2002-07-08,East Michelle,185
185,DarkMagenta,1992-02-15,Yeseniaside,186
186,SkyBlue,1973-01-17,Lake Edwinfurt,187
187,OrangeRed,1990-09-02,Watsonberg,188
188,DarkMagenta,1978-07-07,North Christine,189
189,DarkGray,1981-07-23,South Evelyn,190
190,MediumAquaMarine,1993-08-30,Ryanfort,191
191,DarkOrange,2003-05-17,New Bethanyport,192
192,WhiteSmoke,1989-06-05,Avilaview,193
193,LightPink,1997-05-20,Gillchester,194
194,IndianRed,1981-01-02,South Loriton,195
195,PowderBlue,2019-09-22,Port Laurenbury,196
196,MediumTurquoise,1985-09-06,Scottshire,197
197,Khaki,1990-08-05,Nancytown,198
198,YellowGreen,1980-01-24,Stevenview,199
199,Cornsilk,2016-12-31,Heatherview,200
200,DarkGray,1999-07-31,New Jesse,201
201,AliceBlue,1975-11-10,Nguyenfort,202
202,Coral,1972-09-28,Melissaview,203
203,CadetBlue,1996-10-21,East Travisborough,204
204,MistyRose,1997-12-22,Whiteview,205
205,Blue,2001-02-15,West Brianton,206
206,LimeGreen,1977-07-13,Jacobside,207
207,DimGray,2003-04-08,South Maryhaven,208
208,Sienna,2011-05-24,Cohenchester,209
209,Crimson,2015-02-16,New Brittanyfurt,210
210,LightSlateGray,1987-11-08,New Julie,211
211,MediumTurquoise,1976-07-30,New James,212
212,WhiteSmoke,1979-07-15,Port Omarview,213
213,Olive,1987-02-03,Hernandezmouth,214
214,SandyBrown,2001-06-18,Williamstad,215
215,AntiqueWhite,2000-10-23,Transhire,216
216,PowderBlue,2012-06-03,Carrollberg,217
217,Chartreuse,1976-05-17,West Mario,218
218,LightSlateGray,2004-01-06,North Jameshaven,219
219,DarkSeaGreen,1999-01-11,West Ryan,220
220,LemonChiffon,1970-12-27,West Tristanchester,221
221,DodgerBlue,2011-03-01,Anthonybury,222
222,DarkMagenta,2019-12-19,Johnfort,223
223,Tomato,1975-09-19,Michaelmouth,224
224,LightGray,2012-03-27,Lake Angelastad,225
225,SpringGreen,1978-09-09,Brianshire,226
226,Silver,2009-11-02,North Anna,227
227,Thistle,2017-09-26,South Patrick,228
228,PaleVioletRed,2010-07-05,Thomasshire,229
229,Crimson,2007-11-24,Lake Stefanieton,230
230,LightPink,2001-03-09,Port Reneehaven,231
231,Purple,2005-10-24,East Troy,232
232,PapayaWhip,1988-02-16,West Joy,233
233,DodgerBlue,1991-04-03,East Nicoleview,234
234,Orange,1974-06-20,Candaceside,235
235,SaddleBrown,2010-10-06,East Michaelbury,236
236,MediumOrchid,1973-01-08,Brendashire,237
237,DarkCyan,1985-11-29,Mccallborough,238
238,Lavender,2000-12-27,Everettburgh,239
239,MediumSpringGreen,1987-12-10,Delacruzshire,240
240,MediumSeaGreen,1999-07-04,West Susan,241
241,OliveDrab,1979-08-26,East Andrew,242
242,FireBrick,2003-05-13,Thompsonton,243
243,Teal,1999-12-20,East Crystalstad,244
244,DeepPink,1971-09-26,South Albert,245
245,Thistle,1972-02-27,North Christine,246
246,RosyBrown,1998-09-24,Thompsonview,247
247,Cyan,1996-08-23,Davisborough,248
248,SpringGreen,1998-07-25,Cochranfurt,249
249,Orchid,1978-01-15,New Valeriefort,250
250,DodgerBlue,1970-09-05,Jamesport,251
251,Moccasin,1990-10-03,Lake Jessicaville,252
252,Black,1973-04-15,Brownchester,253
253,SteelBlue,1977-05-28,West Omar,254
254,DarkRed,2007-10-30,North Hollytown,255
255,CornflowerBlue,2012-12-31,South Heatherchester,256
256,DeepPink,2010-12-30,New Elizabethton,257
257,PowderBlue,1991-08-24,South Evan,258
258,Bisque,1987-03-14,West Daniel,259
259,Magenta,2009-10-04,Cantrellbury,260
260,HotPink,1994-10-18,Markfurt,261
261,MediumSpringGreen,2008-12-04,Port Christinefort,262
262,PapayaWhip,1980-02-12,Bethview,263
263,SteelBlue,1975-05-19,Rayshire,264
264,LimeGreen,2011-06-22,North Ryan,265
265,GhostWhite,2001-07-17,East Barbara,266
266,Gainsboro,1994-08-05,North Amanda,267
267,MediumTurquoise,2014-09-29,West Crystalchester,268
268,LightCoral,2019-10-13,Erinside,269
269,PaleGreen,2008-08-02,East Stephanie,270
270,Violet,1971-09-01,East Daniel,271
271,GreenYellow,2020-09-11,Burtonview,272
272,GhostWhite,1975-01-15,Port Jaredshire,273
273,LightCoral,2004-11-17,South Jill,274
274,BurlyWood,1998-10-07,Hopkinsview,275
275,DarkRed,1997-09-12,Jasonland,276
276,Plum,1976-09-12,New Matthew,277
277,BurlyWood,1983-10-16,West Christianberg,278
278,Tan,2010-12-27,Michellefort,279
279,DarkCyan,1974-06-29,Stuartfurt,280
280,Khaki,2004-12-30,South Matthewshire,281
281,RosyBrown,1988-08-02,Port Allenchester,282
282,OrangeRed,1978-05-12,West Mistyshire,283
283,IndianRed,2015-01-12,Courtneybury,284
284,PaleTurquoise,2019-07-24,South Cheryl,285
285,Coral,1997-08-19,Jordanville,286
286,DarkSlateGray,1974-03-24,New Aaronhaven,287
287,Aquamarine,2015-04-28,Alyssashire,288
288,Thistle,1975-04-22,Jeffreyborough,289
289,SteelBlue,1986-09-15,Port Stephaniefort,290
290,PaleTurquoise,1976-12-29,Scotthaven,291
291,Azure,2015-01-16,Alisonview,292
292,DarkKhaki,1984-08-21,East David,293
293,PaleGreen,1982-06-05,Emilyside,294
294,MediumBlue,1993-09-12,Port Eric,295
295,PaleVioletRed,1987-11-19,Holmesview,296
296,Turquoise,1996-01-22,North Davidborough,297
297,SandyBrown,1973-08-02,North Rachelstad,298
298,DarkSlateGray,1996-12-09,Port Yvonne,299
299,DodgerBlue,1997-04-03,Lake Gregory,300
300,Khaki,1991-05-06,Allenmouth,301
301,Fuchsia,1972-07-05,South Briannastad,302
302,SlateGray,1972-12-19,Hannahland,303
303,Snow,1977-01-30,Carolport,304
304,Ivory,2004-07-04,West Antonioville,305
305,Turquoise,2013-10-12,New Matthew,306
306,DeepPink,2008-09-12,East Kathy,307
307,SlateBlue,2002-07-08,Leemouth,308
308,BlueViolet,2015-03-16,South Janeburgh,309
309,Coral,2000-01-06,East James,310
310,Chartreuse,1978-01-02,Michaelmouth,311
311,Yellow,2018-09-08,East John,312
312,MintCream,2011-04-20,Lake Michaelstad,313
313,DeepSkyBlue,2003-02-05,Pattersonmouth,314
314,SteelBlue,1999-01-13,Robinmouth,315
315,Salmon,2014-09-18,Wilsontown,316
316,DarkSlateGray,2011-06-03,Ashleyhaven,317
317,BlueViolet,2000-09-07,Alexandermouth,318
318,MediumOrchid,1995-10-26,New Anthonyport,319
319,CadetBlue,1998-01-29,Kelseyview,320
320,LightYellow,1972-12-28,Lake Amy,321
321,LightGreen,1970-10-07,Port Williamton,322
322,PaleGoldenRod,1992-09-14,Lake Michelle,323
323,DeepPink,1972-03-21,Zacharyborough,324
324,MediumVioletRed,1972-03-07,Kennethside,325
325,LightCoral,1976-12-25,Jenniferbury,326
326,NavajoWhite,1978-06-30,Charlesville,327
327,Fuchsia,2015-02-17,Port Taylor,328
328,Aqua,1976-05-23,Port Joshua,329
329,HoneyDew,2018-11-02,East Christyborough,330
330,Ivory,1980-12-03,Alexisside,331
331,DarkSlateGray,1988-09-01,East Lisafurt,332
332,Beige,1977-07-12,East Leslie,333
333,PaleTurquoise,2004-06-03,Carpenterstad,334
334,PaleGreen,2011-08-21,South Paulaborough,335
335,HotPink,2003-10-29,New Jason,336
336,Brown,1980-07-25,Rodriguezbury,337
337,Violet,2010-05-29,Huntview,338
338,AntiqueWhite,2013-08-06,Andersonville,339
339,DarkGray,1986-02-19,New Meganshire,340
340,Turquoise,1989-05-08,New Melissa,341
341,LightCoral,1985-09-23,Barryland,342
342,LightSalmon,1985-02-26,Lake Kevinton,343
343,HoneyDew,1972-11-10,South Charles,344
344,SlateGray,2009-10-04,North Rachelfurt,345
345,DarkOrchid,1986-04-15,South Robert,346
346,GoldenRod,1986-07-12,Lake Andrew,347
347,LightGreen,2004-01-31,Richardfurt,348
348,SlateBlue,2016-02-19,Lake Jennifer,349
349,PaleTurquoise,2011-05-21,Gonzalezton,350
350,LightCyan,1977-01-30,Cohenside,351
351,DimGray,2007-04-07,New Jefffort,352
352,HoneyDew,2000-12-29,Brownmouth,353
353,Magenta,1989-11-14,Duranburgh,354
354,GoldenRod,1971-02-09,Lake Jacobville,355
355,PaleGoldenRod,2008-05-04,North Anna,356
356,Crimson,1977-02-21,Troymouth,357
357,DarkTurquoise,1995-03-09,North Josetown,358
358,MediumPurple,1978-03-25,Dixonbury,359
359,Violet,2008-11-05,Huertafurt,360
360,FloralWhite,2011-01-26,West Lisamouth,361
361,MediumVioletRed,2003-07-29,Smithmouth,362
362,Magenta,1990-12-15,Coreyfurt,363
363,AliceBlue,1985-11-28,West Richardville,364
364,AntiqueWhite,1992-02-10,Sosahaven,365
365,Khaki,2018-12-25,Fisherhaven,366
366,Plum,1977-08-24,East James,367
367,OliveDrab,1979-06-23,Wilsonborough,368
368,Green,1975-10-24,Lake Makaylaport,369
369,CornflowerBlue,2002-07-28,Lake Kevinchester,370
370,Olive,1976-09-30,Victoriaborough,371
371,FloralWhite,1983-09-18,Andreaview,372
372,Peru,1992-07-12,Youngport,373
373,DarkBlue,2020-09-25,Steelestad,374
374,LightCoral,1993-07-24,Schaeferport,375
375,GreenYellow,1995-05-10,New Johnburgh,376
376,PapayaWhip,1997-03-11,Thorntonfurt,377
377,LightCoral,2004-06-06,South Keith,378
378,Aqua,1972-08-19,East Karaland,379
379,HotPink,1995-09-30,Lake Katelyn,380
380,Navy,1983-09-23,Angelaborough,381
381,Plum,2013-08-26,East Brentberg,382
382,Tan,2010-06-07,Harrisborough,383
383,RosyBrown,2001-11-06,North Austin,384
384,RoyalBlue,2004-05-18,Robertmouth,385
385,ForestGreen,1986-01-15,East Samuel,386
386,SlateGray,2013-04-23,West Amandaburgh,387
387,DarkMagenta,2015-04-10,New Bonniemouth,388
388,LightGreen,2019-01-08,Lake Jasonside,389
389,Lavender,2012-07-25,Lake Aaronshire,390
390,Tomato,1971-10-23,Fraziermouth,391
391,Linen,1988-05-22,Lake Louisshire,392
392,Magenta,1990-06-20,Port Justinside,393
393,Beige,2002-11-26,West Toddfurt,394
394,DimGray,1990-10-15,South Richardhaven,395
395,Moccasin,1981-04-18,Burgessview,396
396,Magenta,2020-08-14,East Christopherton,397
397,DarkSeaGreen,2002-05-07,Brandonborough,398
398,OldLace,1983-08-13,Port Davidmouth,399
399,DarkTurquoise,1971-06-21,Lisahaven,400
400,PaleGoldenRod,1970-01-01,Susanburgh,401
401,Moccasin,2005-04-16,East Stevenview,402
402,PaleTurquoise,2018-12-02,South Carla,403
403,HoneyDew,2005-11-17,Johnathanland,404
404,PaleGreen,1989-01-01,Lake Bruceland,405
405,LightGray,1990-06-26,Port Amberhaven,406
406,LawnGreen,2003-11-24,West Brianburgh,407
407,Brown,1977-03-10,Lake Nicholas,408
408,DarkRed,2012-10-08,South John,409
409,FireBrick,1998-02-22,New Loriton,410
410,Snow,1972-09-24,Stevenfurt,411
411,Tomato,2007-10-26,South Patricia,412
412,Maroon,2016-09-26,South Adrianburgh,413
413,NavajoWhite,1998-12-16,New Josephchester,414
414,LightSalmon,2001-04-18,Wallacehaven,415
415,GreenYellow,2003-03-16,Danielborough,416
416,BlueViolet,2000-07-05,Port Ronald,417
417,Fuchsia,2007-10-20,Jonesberg,418
418,LightGreen,1995-08-11,Andersonbury,419
419,RosyBrown,1976-02-14,Port Billy,420
420,DarkRed,1973-04-04,Lawrencechester,421
421,Lime,2003-05-14,Cassandraport,422
422,MediumTurquoise,1993-07-23,Gonzalezton,423
423,Tan,2007-03-18,Flemingland,424
424,DarkViolet,1972-07-19,Longberg,425
425,MediumSpringGreen,1988-10-10,South Diana,426
426,Chocolate,1995-05-05,Duaneview,427
427,LavenderBlush,2000-04-27,West Cassandra,428
428,PeachPuff,1986-02-14,East Julie,429
429,Beige,2012-04-29,East Nicoleshire,430
430,Coral,1983-04-21,Gutierrezberg,431
431,MidnightBlue,2001-02-16,South Barbara,432
432,DarkKhaki,2002-03-05,Garciaview,433
433,IndianRed,1996-07-26,Campbellbury,434
434,Silver,2015-01-07,Lake Dominiqueville,435
435,LightSeaGreen,1982-09-26,Grayport,436
436,DarkOliveGreen,1979-03-19,Aprilview,437
437,DeepSkyBlue,1980-08-04,Torresshire,438
438,PaleGreen,2004-06-14,Sethview,439
439,MediumAquaMarine,1984-02-28,North John,440
440,LemonChiffon,1994-12-15,Lake Travisburgh,441
441,LightCoral,2018-06-19,South Catherine,442
442,CornflowerBlue,1982-12-22,Kurtbury,443
443,NavajoWhite,1971-09-30,Olsonville,444
444,DarkCyan,2005-06-22,Michaelberg,445
445,GoldenRod,1989-01-25,Lisastad,446
446,SkyBlue,1972-03-07,South Sandy,447
447,LightGreen,2020-05-28,Arielborough,448
448,Red,2015-08-18,Elizabethfort,449
449,DeepPink,1970-12-23,New Sharonview,450
450,Pink,1971-04-13,East Rita,451
451,LightSkyBlue,1994-09-09,Juanbury,452
452,DarkSeaGreen,1998-06-28,East Martinside,453
453,SpringGreen,1982-05-18,West Michaelside,454
454,CornflowerBlue,1995-04-22,Lake Evanbury,455
455,Lime,1971-11-23,South Nicoleland,456
456,NavajoWhite,2011-07-20,Juanburgh,457
457,LightYellow,1999-06-04,North Hannah,458
458,Black,1996-11-21,New James,459
459,IndianRed,1993-09-12,New Monicaton,460
460,GreenYellow,1990-02-07,Williamsbury,461
461,PowderBlue,1972-05-12,Youngport,462
462,Violet,2019-04-01,Wademouth,463
463,Tan,1985-03-25,Lewisborough,464
464,Gainsboro,1980-10-22,Michaelchester,465
465,WhiteSmoke,1998-08-16,South Marcusstad,466
466,Teal,1980-03-10,Port Susan,467
467,DarkSalmon,2003-10-06,Brianland,468
468,FireBrick,1997-02-05,South Aprilchester,469
469,LightGray,1973-05-29,North Jonathanville,470
470,CadetBlue,2004-12-17,Williamsbury,471
471,SlateBlue,1995-04-18,Perezton,472
472,Gold,1971-06-25,Kelleymouth,473
473,MediumSpringGreen,2016-09-30,Lake Shanestad,474
474,Blue,1998-07-29,East Steve,475
475,YellowGreen,1986-05-02,Nicoleton,476
476,DimGray,1977-12-28,Pamelaton,477
477,Violet,2007-06-27,Lake Jessica,478
478,LightGray,1980-05-18,North Jessica,479
479,OliveDrab,2015-11-29,Port Joanneton,480
480,Blue,1998-11-03,Crawfordport,481
481,OrangeRed,2020-07-30,Tarafort,482
482,OldLace,1980-02-20,South Stevenmouth,483
483,Azure,1988-08-09,West Robertport,484
484,WhiteSmoke,1998-09-19,West Christinestad,485
485,SpringGreen,2002-05-31,Michellefort,486
486,DarkSlateBlue,1981-11-17,Riverachester,487
487,LightGray,2014-03-30,Jasminetown,488
488,Navy,1992-04-14,Lake Ryan,489
489,Wheat,2000-07-31,Mooreville,490
490,WhiteSmoke,1975-06-12,Michealmouth,491
491,SlateBlue,1997-12-06,Lindaview,492
492,LightBlue,2011-05-16,Andrewhaven,493
493,Thistle,2002-03-06,West Mollyville,494
494,LawnGreen,2002-11-12,Jonesshire,495
495,Salmon,2017-04-21,East Scottmouth,496
496,Gainsboro,2019-05-07,Petershire,497
497,Thistle,1999-05-12,Guerreroburgh,498
498,Tomato,2018-03-22,New Williammouth,499
499,DarkGray,2016-06-30,Beckerburgh,500
500,Moccasin,1992-12-25,West Julie,501
501,FloralWhite,2008-03-06,Fergusonburgh,502
502,Sienna,2011-02-15,Lake Alicia,503
503,DarkTurquoise,1993-03-25,Reginaberg,504
504,AliceBlue,1978-01-21,Allisonville,505
505,Teal,2001-09-15,South Kristi,506
506,Lime,1990-03-18,Lake Saraland,507
507,Linen,1998-03-20,Summershaven,508
508,SkyBlue,2005-07-05,Terribury,509
509,MediumBlue,1990-06-28,South Nathaniel,510
510,Snow,2001-07-12,Port Alvin,511
511,MediumAquaMarine,2013-01-15,Mclaughlinstad,512
512,MediumVioletRed,1977-10-23,Port Deanna,513
513,LightGoldenRodYellow,1987-12-26,Andersonstad,514
514,PaleGreen,1997-07-07,South Thomas,515
515,Ivory,1996-01-12,Lisaview,516
516,MidnightBlue,1987-01-01,Turnerton,517
517,MediumSeaGreen,1993-08-19,Boydmouth,518
518,PaleVioletRed,1993-05-06,North Rebeccastad,519
519,Khaki,1976-01-29,Johnstad,520
520,DodgerBlue,2001-01-28,Lake Andrew,521
521,Salmon,2014-11-03,North Michael,522
522,Yellow,1973-04-28,South David,523
523,Magenta,1991-03-23,Port Lori,524
524,AliceBlue,2016-09-07,Port John,525
525,DeepSkyBlue,1987-05-23,Stephanieberg,526
526,Chocolate,1986-04-10,Brownbury,527
527,PaleTurquoise,1987-04-25,New Robintown,528
528,MediumTurquoise,1984-03-19,Port Michelleside,529
529,BurlyWood,1994-03-17,South Dorothyburgh,530
530,Yellow,2004-01-23,Jamesville,531
531,Gray,2016-03-16,North Thomas,532
532,Plum,2018-09-12,Rebeccachester,533
533,MediumPurple,2005-09-25,Kathyfurt,534
534,PaleVioletRed,1987-12-18,East Aprilbury,535
535,MidnightBlue,2006-09-21,Lorifort,536
536,Snow,1971-12-06,Armstrongbury,537
537,IndianRed,2020-10-01,Lake Danielfurt,538
538,DarkCyan,2014-05-24,Brandybury,539
539,DarkBlue,2003-03-28,South Joe,540
540,Aquamarine,2001-10-20,Mcconnellberg,541
541,Navy,1999-06-30,Reeseland,542
542,Chartreuse,2000-09-22,East Renee,543
543,Silver,2003-06-13,East Nathanville,544
544,Pink,2003-05-14,West Margaret,545
545,Salmon,1976-12-01,South Kimberlyview,546
546,Yellow,1979-01-22,Port Lucasmouth,547
547,PaleTurquoise,2011-10-22,Mayshire,548
548,Magenta,2018-05-04,Gregorymouth,549
549,LightSkyBlue,1981-11-01,Kellyland,550
550,FireBrick,1970-07-16,Walkertown,551
551,CornflowerBlue,1978-02-28,East Tonya,552
552,Fuchsia,2009-09-01,Johnsonstad,553
553,Green,1978-05-08,Nicholaschester,554
554,PeachPuff,1987-09-25,Lake Williammouth,555
555,Lavender,1978-12-13,Floydstad,556
556,Maroon,1982-03-21,Nguyenmouth,557
557,Navy,1991-09-30,Bridgetburgh,558
558,AntiqueWhite,1993-11-10,Wyatthaven,559
559,Snow,1988-10-05,Port Michael,560
560,DarkViolet,1983-03-01,Lake Garyborough,561
561,Peru,2008-04-14,Jonathantown,562
562,SpringGreen,1993-08-02,Rodneyborough,563
563,AliceBlue,1981-05-26,Lake Timothy,564
564,HotPink,2020-05-03,Raymondport,565
565,Fuchsia,1984-08-25,Madelinetown,566
566,DarkTurquoise,1979-06-05,Laurenside,567
567,DarkGray,2019-09-28,Brianborough,568
568,SlateGray,2014-10-14,Port Roger,569
569,YellowGreen,2003-08-13,South Tiffanymouth,570
570,SeaGreen,2011-01-02,South Karaview,571
571,Sienna,2014-05-26,Lake Robertchester,572
572,MediumVioletRed,2014-11-26,Davidfort,573
573,DarkRed,1973-01-01,Brownfort,574
574,LightGoldenRodYellow,2005-06-21,Calebborough,575
575,DarkCyan,1978-02-27,Taylorburgh,576
576,HotPink,2008-08-26,Hoffmanborough,577
577,OliveDrab,2013-09-14,Donaldbury,578
578,Gold,1970-09-20,Gomezville,579
579,LightGray,1998-09-28,Andersonberg,580
580,GhostWhite,2006-07-16,Port Matthew,581
581,DarkSalmon,1987-06-24,Lake Thomaschester,582
582,Pink,1999-09-26,Port Matthew,583
583,Aqua,2009-06-26,Lanehaven,584
584,LavenderBlush,2008-05-01,New Jeanettemouth,585
585,Navy,1992-10-11,East Paulbury,586
586,DarkSalmon,1992-09-12,East Bonnie,587
587,LightPink,1992-12-27,Vasquezport,588
588,DarkRed,2018-05-14,Alexanderview,589
589,GhostWhite,2006-06-21,East Nathanielmouth,590
590,CornflowerBlue,1998-07-03,West Cindy,591
591,LightBlue,2006-04-04,Karenbury,592
592,MintCream,1980-10-16,Howardborough,593
593,Tomato,1993-11-13,New Sandrachester,594
594,LightSalmon,2008-02-15,Sabrinaport,595
595,PowderBlue,2004-05-01,Glennchester,596
596,Thistle,1988-03-02,Gonzalezburgh,597
597,SpringGreen,2016-05-26,North Rachel,598
598,OliveDrab,2017-08-02,New Justinfurt,599
599,Chocolate,2002-12-21,Richfort,600
600,RosyBrown,2000-06-13,New Daniel,601
601,DarkTurquoise,1971-06-05,New Mary,602
602,PapayaWhip,2001-12-18,Lake Davidburgh,603
603,Blue,1988-05-13,Johnton,604
604,CadetBlue,1989-05-03,Gordonport,605
605,DarkTurquoise,2015-11-25,Choiland,606
606,LightCoral,2006-02-26,Lake Alan,607
607,PaleGreen,1996-11-11,Lake Richard,608
608,HotPink,1971-07-08,North Alicia,609
609,Tomato,1986-12-12,Juanfurt,610
610,HoneyDew,1996-03-29,Williamsside,611
611,LightSkyBlue,2006-11-22,South Jon,612
612,Wheat,1992-01-07,North Dawntown,613
613,Blue,2019-11-17,Lake Rachelberg,614
614,Salmon,1988-05-01,South Erinside,615
615,Violet,1998-10-16,New Marieburgh,616
616,Chocolate,1987-02-06,Aaronchester,617
617,YellowGreen,1990-09-29,North Russellville,618
618,Khaki,2003-04-22,West Jeremyhaven,619
619,HoneyDew,1970-07-23,Lake Felicialand,620
620,HotPink,1980-12-05,Kellyland,621
621,DarkGray,2007-06-08,North Meredith,622
622,CadetBlue,1982-03-16,East Janet,623
623,White,1980-12-14,Port Catherine,624
624,LimeGreen,1993-10-02,Singhborough,625
625,DimGray,1979-05-15,Adamfurt,626
626,Gold,1978-08-03,Hernandezmouth,627
627,PeachPuff,2011-01-04,Larsonfort,628
628,Tomato,1972-07-21,Hardyburgh,629
629,OldLace,1992-02-06,Port Kristina,630
630,Peru,1971-06-29,Thomasport,631
631,MediumVioletRed,1996-03-24,Wilsonville,632
632,LightPink,1989-02-11,Holtberg,633
633,PaleGoldenRod,2009-09-01,Rebeccaville,634
634,MediumSlateBlue,1990-05-24,Port Ashleyville,635
635,Lime,2001-05-02,Rodrigueztown,636
636,Sienna,1979-06-25,Lake Leahfort,637
637,LemonChiffon,1973-06-07,Julieshire,638
638,RoyalBlue,2007-09-11,Ericksonville,639
639,FloralWhite,1996-06-24,Caitlinville,640
640,PapayaWhip,1982-02-23,New David,641
641,DarkRed,1987-01-12,Hallburgh,642
642,BlanchedAlmond,1979-08-01,South Elizabethtown,643
643,LightCoral,2020-01-30,Brooksfort,644
644,GreenYellow,1990-01-09,Port Deborahfort,645
645,Turquoise,1996-12-02,North Timothyland,646
646,DarkOrchid,1989-06-27,Lorifurt,647
647,SpringGreen,1983-12-06,East Christopherborough,648
648,LightSalmon,1974-09-10,Lake Kathrynview,649
649,PaleGreen,2001-02-07,Byrdland,650
650,LawnGreen,1988-02-05,Edwinville,651
651,LightBlue,1993-01-10,North Michael,652
652,IndianRed,2002-09-02,South Rachel,653
653,PaleGreen,1995-03-14,West Brittanytown,654
654,Moccasin,1981-03-30,East Carolview,655
655,DodgerBlue,1981-03-13,Alexanderfort,656
656,Olive,1987-07-06,North Raymondborough,657
657,MediumVioletRed,1978-06-05,North Phillipview,658
658,GreenYellow,2018-10-26,Reynoldsbury,659
659,OrangeRed,1991-06-02,North Brianahaven,660
660,Pink,2012-03-31,South Shannon,661
661,Gray,2006-10-18,Greenville,662
662,LavenderBlush,1997-02-28,North Christopher,663
663,MediumBlue,1977-02-19,West Terri,664
664,DarkOliveGreen,1980-02-05,East John,665
665,Aqua,1999-03-08,Port Chelsea,666
666,Plum,1986-02-23,Millerburgh,667
667,Cyan,2010-12-05,Port Whitneyberg,668
668,DarkViolet,2003-08-10,Leahfort,669
669,BlanchedAlmond,1983-11-22,Whiteberg,670
670,Blue,1975-04-24,Simonburgh,671
671,Tan,2011-01-21,East Melissa,672
672,LawnGreen,2016-12-14,East Tiffanymouth,673
673,Orange,1997-01-08,South Molly,674
674,Lavender,1984-11-24,Luismouth,675
675,Brown,2002-07-22,South Derekhaven,676
676,SpringGreen,2009-11-08,Matthewfurt,677
677,SaddleBrown,2006-07-19,Port Rachelberg,678
678,SlateGray,1974-01-23,North Janetshire,679
679,PowderBlue,2017-09-23,Mezastad,680
680,PaleTurquoise,1978-05-23,Velasquezmouth,681
681,LightSalmon,1981-11-15,Hollowayview,682
682,DarkRed,2002-04-18,West Amanda,683
683,MediumSeaGreen,1977-08-01,Mitchellport,684
684,LawnGreen,2014-05-25,Jeanneborough,685
685,Coral,1979-09-26,Robintown,686
686,LightBlue,2006-01-05,Gregoryville,687
687,BlueViolet,1980-12-30,East Stephaniemouth,688
688,Indigo,1989-09-25,New Lisahaven,689
689,DarkViolet,1977-02-20,North Matthewview,690
690,MintCream,2018-01-21,Williamsmouth,691
691,PaleGoldenRod,1977-05-11,South Michele,692
692,LightSalmon,2003-03-28,West Denisemouth,693
693,MediumSlateBlue,2015-11-18,Cameronside,694
694,RosyBrown,2000-03-23,South Alex,695
695,Azure,1998-11-13,Clarkstad,696
696,ForestGreen,1977-12-18,Farmerton,697
697,IndianRed,1971-01-07,Hughestown,698
698,Orchid,1988-09-28,Phillipsmouth,699
699,HoneyDew,1977-06-17,Amystad,700
700,LightCyan,1992-01-19,South Frederickburgh,701
701,MediumTurquoise,1975-01-17,Marilynland,702
702,Yellow,1995-04-17,Jessicaborough,703
703,MediumPurple,2002-01-24,Juarezberg,704
704,Olive,1972-05-10,North Richard,705
705,OliveDrab,1982-12-17,Port Todd,706
706,DarkViolet,2020-10-02,Port Jenniferfort,707
707,Crimson,2016-02-26,East Barryside,708
708,LightSteelBlue,1989-04-07,North Stephaniefort,709
709,DarkKhaki,1994-09-22,New Robertport,710
710,Salmon,1989-12-10,Port Ginaport,711
711,CornflowerBlue,1987-07-30,New Briantown,712
712,Linen,1997-03-18,Esparzafort,713
713,Indigo,1972-11-23,Wilsonmouth,714
714,DarkCyan,2001-09-19,North Jacobview,715
715,CornflowerBlue,1978-03-16,Lake Veronicahaven,716
716,Khaki,2014-09-05,Stevensmouth,717
717,DimGray,1979-08-14,Solismouth,718
718,DarkSalmon,1998-12-13,East Frankberg,719
719,Sienna,1987-11-05,Williamsshire,720
720,Khaki,1973-09-23,Brightmouth,721
721,YellowGreen,2017-06-03,Khanfurt,722
722,MediumTurquoise,1980-01-02,East Norman,723
723,SeaShell,1996-08-29,West Heather,724
724,PapayaWhip,1995-11-12,East Katie,725
725,Cyan,2011-11-14,Carlberg,726
726,DarkOrange,2014-12-25,Penningtonstad,727
727,Coral,1992-05-01,South Heather,728
728,LightYellow,1976-06-10,Lake Samantha,729
729,PaleGreen,1979-11-24,Stephaniestad,730
730,Black,2008-11-12,Port Arthur,731
731,MediumOrchid,1978-03-05,Goodside,732
732,DarkRed,1984-11-13,Lake Aaron,733
733,DarkSlateGray,1997-05-14,Lake Joannabury,734
734,MediumTurquoise,1979-10-23,Stephaniemouth,735
735,Violet,1980-09-13,Jonesview,736
736,LightSkyBlue,2001-01-07,Gonzalezhaven,737
737,Yellow,2017-10-15,Lake Ericstad,738
738,Thistle,1990-03-10,Port Jasmine,739
739,YellowGreen,1989-01-28,East Jessica,740
740,DarkSalmon,1981-07-28,New Joshuaport,741
741,FloralWhite,2018-05-16,Diazbury,742
742,HoneyDew,1977-06-14,Lake Amberville,743
743,DarkMagenta,2004-11-16,West Lisa,744
744,Orchid,1975-02-07,Janeville,745
745,DarkTurquoise,2018-02-27,Stephensonshire,746
746,MediumPurple,2003-01-24,New Kyle,747
747,Peru,2011-03-25,West Sherylton,748
748,FloralWhite,2007-11-11,Amandaside,749
749,LightSalmon,1983-08-14,Schmidtfort,750
750,ForestGreen,1998-05-06,West Melanie,751
751,SlateBlue,1995-04-09,South Luke,752
752,Indigo,1992-05-05,Jasonside,753
753,DarkKhaki,1974-01-24,New Frankbury,754
754,DarkRed,1981-12-27,Port Rachelside,755
755,DarkTurquoise,1970-07-31,Seanmouth,756
756,Indigo,1997-02-08,West Victoria,757
757,DarkGreen,2011-03-22,Frankbury,758
758,DimGray,2003-11-22,Glendaside,759
759,Pink,1995-07-22,Davischester,760
760,Wheat,2010-02-10,Silvaport,761
761,Brown,1991-07-21,Reginamouth,762
762,HoneyDew,2007-01-16,Port Jennifermouth,763
763,PowderBlue,1990-09-26,North Ambermouth,764
764,LavenderBlush,1972-10-14,New Kyletown,765
765,LawnGreen,2001-09-02,Shellybury,766
766,Tomato,2017-09-08,North Kevin,767
767,RosyBrown,2004-04-26,New Heather,768
768,DeepPink,1974-08-13,Lake Nancybury,769
769,MediumPurple,2001-02-15,North Heather,770
770,DeepPink,2013-05-22,Lake Steven,771
771,GhostWhite,2005-08-16,Jimeneztown,772
772,SkyBlue,1971-06-15,West Jasonhaven,773
773,Orchid,1973-11-03,Lake Patriciaville,774
774,Cyan,1985-12-11,West Jesus,775
775,Purple,1986-09-08,North Todd,776
776,DarkViolet,1991-07-23,Port Timothymouth,777
777,GoldenRod,1988-03-18,North Elizabethbury,778
778,Lavender,2000-12-14,Amandaborough,779
779,LavenderBlush,2013-12-09,Greenstad,780
780,DarkSlateGray,1992-11-08,Port Cory,781
781,LightPink,2010-10-21,Anthonymouth,782
782,Salmon,2004-05-05,North Betty,783
783,OldLace,2010-04-15,South Karl,784
784,LightSalmon,1992-10-04,Carlsonborough,785
785,PapayaWhip,1980-02-03,North Alexberg,786
786,RoyalBlue,1972-09-27,Cervantesshire,787
787,GreenYellow,2019-11-04,Williamsside,788
788,PaleGoldenRod,1987-06-06,West Ian,789
789,DarkSlateGray,2009-10-08,Mariaside,790
790,IndianRed,2019-05-12,Port Robertbury,791
791,DarkBlue,2012-10-31,Port Peggyburgh,792
792,Lime,2018-06-30,Justinview,793
793,SlateGray,2004-11-01,New Thomas,794
794,Thistle,1995-03-15,West Ryanshire,795
795,ForestGreen,1978-05-19,East Sarahville,796
796,Orchid,1985-01-30,North Anthony,797
797,Azure,2010-07-31,South Margaretstad,798
798,HoneyDew,2012-11-27,Lake Michael,799
799,LightSlateGray,1996-06-07,South Lacey,800
800,Navy,2013-07-15,Lake Timothy,801
801,Silver,2009-09-26,Jenniferfurt,802
802,SlateGray,1973-08-03,Port Carol,803
803,NavajoWhite,2006-01-01,North Evelynport,804
804,PaleVioletRed,1997-02-04,Port Brian,805
805,DeepSkyBlue,1979-07-28,Parkerside,806
806,GhostWhite,1972-08-14,West Scott,807
807,CornflowerBlue,1984-04-08,West Amymouth,808
808,AliceBlue,1977-09-01,Port Coryburgh,809
809,Plum,2011-11-21,New David,810
810,PaleVioletRed,2000-07-19,Debraview,811
811,SteelBlue,1972-03-28,Yolandaton,812
812,BlanchedAlmond,1998-01-05,Port Carolburgh,813
813,Azure,1995-08-19,Hopkinsview,814
814,White,1974-12-27,Angelberg,815
815,OrangeRed,2008-10-04,East Allison,816
816,Pink,2014-03-16,Traceyhaven,817
817,Silver,1976-08-09,Kristineport,818
818,Purple,1989-02-04,West Alexandershire,819
819,Lime,2018-09-01,Samanthaton,820
820,Chartreuse,1991-04-28,North Jessicaburgh,821
821,Indigo,1993-12-24,Port Ronaldtown,822
822,OldLace,1981-11-30,West Vanessa,823
823,Crimson,1994-08-30,Joyland,824
824,PaleVioletRed,2005-02-24,North Bonnie,825
825,Chartreuse,1981-06-07,Underwoodbury,826
826,SeaGreen,1983-11-14,Jameschester,827
827,GoldenRod,2009-01-16,Christensenland,828
828,MediumSeaGreen,2020-04-12,Port Leeshire,829
829,Blue,1986-06-26,Sparksland,830
830,AntiqueWhite,2015-01-10,South Scott,831
831,SpringGreen,2001-02-02,East Teresa,832
832,PowderBlue,2009-07-18,South Veronica,833
833,Gold,1985-05-10,Jenniferport,834
834,MediumTurquoise,2012-03-31,North Charlotte,835
835,OliveDrab,2004-01-27,Schultzburgh,836
836,LightPink,1997-05-19,Port Angela,837
837,LightSteelBlue,2019-03-26,Joshuaville,838
838,Fuchsia,2003-04-05,North Vanessa,839
839,BlueViolet,2017-11-29,North Patrick,840
840,ForestGreen,1995-05-11,South Ivanberg,841
841,PeachPuff,1979-10-12,South Monique,842
842,Olive,1970-08-08,East Katieshire,843
843,LightCoral,2011-12-06,Port Caitlin,844
844,Bisque,2016-01-13,East Caitlinville,845
845,Blue,2018-07-21,North Morganfurt,846
846,Orchid,1983-12-23,Howardborough,847
847,Beige,1978-06-22,Lorraineland,848
848,MediumAquaMarine,1986-06-13,South Timothyfort,849
849,SandyBrown,1977-01-13,Deckerside,850
850,RosyBrown,1980-11-10,Sanchezfurt,851
851,Coral,1982-11-25,West Rosestad,852
852,LawnGreen,2014-08-21,West Scotthaven,853
853,Black,1971-09-28,West Seanmouth,854
854,LightSteelBlue,2014-10-03,Markhaven,855
855,SlateBlue,1985-12-10,Turnerview,856
856,NavajoWhite,1978-03-10,Lisaside,857
857,Orchid,1984-07-05,West Regina,858
858,Tomato,2015-11-17,Barnettstad,859
859,LightSlateGray,2001-06-22,South Antonio,860
860,DarkSeaGreen,2016-06-04,Douglasborough,861
861,White,2001-04-29,East Pamela,862
862,LawnGreen,1994-04-14,Amberburgh,863
863,DarkBlue,1981-09-20,Martinezport,864
864,Ivory,2005-06-06,North Charles,865
865,LightGoldenRodYellow,2019-10-20,Larryport,866
866,WhiteSmoke,1998-03-16,South Amy,867
867,Khaki,1989-11-23,Smithside,868
868,RosyBrown,2017-04-30,Haileyton,869
869,DarkViolet,1990-06-16,Kristyfort,870
870,DarkGray,2014-10-30,North Daniel,871
871,MediumSeaGreen,1976-05-25,Nathanfort,872
872,Turquoise,2015-05-25,Robertsonmouth,873
873,MediumTurquoise,2003-11-03,North Destinyview,874
874,LightBlue,1985-03-09,Lake Maria,875
875,Crimson,2018-02-18,Gonzalezstad,876
876,Crimson,2010-07-05,South Juliaton,877
877,Khaki,1979-11-03,Lewisfort,878
878,DeepPink,2004-12-09,Craigchester,879
879,Ivory,1997-10-21,Bakerland,880
880,Red,2005-03-27,Port Tyler,881
881,PaleVioletRed,2006-10-05,New Mary,882
882,Tan,1999-01-14,Josephhaven,883
883,DodgerBlue,1996-07-29,New Juanland,884
884,DarkOliveGreen,2018-01-12,New Stephen,885
885,SpringGreen,1980-01-08,Lake Matthewbury,886
886,Gray,2010-05-30,Dillonville,887
887,Black,2012-11-17,Martinburgh,888
888,SteelBlue,2000-12-11,Lake Michael,889
889,White,2014-07-22,South Terri,890
890,Azure,1987-04-10,Sullivanview,891
891,AntiqueWhite,1989-02-10,Kimberlychester,892
892,Bisque,2014-05-07,Josephport,893
893,Pink,1981-12-31,North Gregorybury,894
894,White,1989-07-05,South Jessefort,895
895,OldLace,2020-05-23,East Kellyberg,896
896,OrangeRed,2018-07-22,Hallside,897
897,Bisque,1980-07-23,Sharptown,898
898,Turquoise,2012-04-27,Port Nicholasview,899
899,SlateBlue,1993-08-17,Anitatown,900
900,SaddleBrown,1973-12-08,Amandaview,901
901,Snow,2004-07-27,Ianview,902
902,LightGoldenRodYellow,2019-01-15,Kennethstad,903
903,Orchid,2000-10-09,North Sarahland,904
904,SkyBlue,2012-09-26,Kaylaton,905
905,LightSteelBlue,1996-06-06,Mooreside,906
906,LightCyan,2001-04-05,Kleinshire,907
907,Aqua,2012-10-02,North Joton,908
908,Silver,2010-10-26,Virginiafort,909
909,Wheat,1974-04-25,New Todd,910
910,PaleVioletRed,1993-04-15,North Michael,911
911,Coral,1990-08-04,Melindaton,912
912,LimeGreen,1998-09-28,Hollandshire,913
913,MediumOrchid,2012-01-26,North Kennethmouth,914
914,DimGray,1991-11-04,Johnsonberg,915
915,LightGreen,2012-11-01,Lake Timothy,916
916,LightGreen,1988-02-16,Port Laura,917
917,Chocolate,2011-06-22,Justinchester,918
918,Aqua,2005-11-22,New Kathytown,919
919,Black,2011-05-25,South Victoriachester,920
920,LightCoral,2013-08-01,New Debra,921
921,Khaki,2005-06-14,Jessicaburgh,922
922,DarkOrange,1978-02-05,Nixonland,923
923,Peru,1995-01-04,Tiffanyview,924
924,AliceBlue,1981-12-06,Matthewfurt,925
925,BurlyWood,1978-10-19,Alibury,926
926,MediumVioletRed,1984-03-19,Williamville,927
927,SeaGreen,2011-10-20,Brettside,928
928,Tomato,1975-03-05,Kelleyville,929
929,RosyBrown,1981-02-13,Johnshire,930
930,Peru,1982-11-20,Stevenberg,931
931,DarkSlateBlue,2005-03-09,South Jefferyshire,932
932,DarkMagenta,1995-04-01,East Albertburgh,933
933,GoldenRod,1991-01-04,Taraport,934
934,HotPink,1971-05-05,East Richardshire,935
935,DarkMagenta,2019-01-01,East Teresatown,936
936,Navy,1989-06-15,Brianstad,937
937,BurlyWood,2005-07-19,Petermouth,938
938,Gold,1974-11-30,Daltonfurt,939
939,PaleVioletRed,2003-06-14,South Christine,940
940,DarkGreen,1983-08-11,East Chadland,941
941,LightSteelBlue,1996-12-09,Lynchberg,942
942,CadetBlue,1972-06-19,Shannonside,943
943,DarkTurquoise,1997-01-23,Christopherport,944
944,GhostWhite,1996-03-01,Stevenland,945
945,MediumBlue,2020-01-04,North Joshua,946
946,CornflowerBlue,1986-11-23,South Brittneyville,947
947,Linen,2006-12-08,East Julie,948
948,White,1984-01-25,New Paulport,949
949,HoneyDew,2018-03-22,Port Johnbury,950
950,Purple,2011-06-15,Port William,951
951,PaleGreen,1999-05-24,Jacksonfort,952
952,Orange,1993-04-11,West Janetport,953
953,Thistle,1986-08-17,Jonesmouth,954
954,DarkBlue,1983-09-05,Andrewside,955
955,Navy,1998-02-04,Port Austinchester,956
956,WhiteSmoke,1992-04-25,North Diana,957
957,DeepPink,1993-02-27,East Johnathanhaven,958
958,LightGreen,1997-03-19,Port Nicoleshire,959
959,Red,2009-01-30,New Michellestad,960
960,YellowGreen,2010-04-03,Lake Courtneyland,961
961,WhiteSmoke,1978-10-18,South Darlenechester,962
962,White,2003-04-19,East Lauren,963
963,SandyBrown,1979-11-05,Jerrymouth,964
964,IndianRed,1988-02-22,Kristenfort,965
965,FireBrick,1985-01-07,Lake Michele,966
966,SandyBrown,2016-04-25,North Paul,967
967,LightYellow,1977-04-24,Roachshire,968
968,Cyan,1992-09-29,West Damon,969
969,White,2007-06-25,North Evelynshire,970
970,CadetBlue,1972-12-02,Andersonberg,971
971,CadetBlue,1982-11-27,Reynoldsside,972
972,Orchid,1994-01-13,Port Thomas,973
973,Beige,1984-05-07,Woodsberg,974
974,DarkSlateBlue,2003-07-12,North Brianamouth,975
975,LightGoldenRodYellow,2013-04-17,Dodsonborough,976
976,FloralWhite,2009-01-17,Lake Karen,977
977,PaleVioletRed,1980-07-11,Pricemouth,978
978,Lime,1996-08-11,Brownberg,979
979,GreenYellow,1997-08-23,South Kristinshire,980
980,SaddleBrown,1987-05-06,Mendozabury,981
981,LightGoldenRodYellow,1989-10-18,East Erica,982
982,LightPink,2009-02-22,West Kristen,983
983,SaddleBrown,2015-08-30,South Carlostown,984
984,Indigo,1993-11-26,Albertside,985
985,LightPink,1970-09-06,Port Breannastad,986
986,MediumAquaMarine,1983-07-11,North Edwardville,987
987,Gold,2008-10-20,New Andrew,988
988,White,1995-12-14,Petersenburgh,989
989,Lime,2006-07-03,West Ian,990
990,Turquoise,1998-01-04,West Colton,991
991,Beige,2020-04-22,North Maxwell,992
992,PaleTurquoise,1983-12-01,Ashleyburgh,993
993,ForestGreen,2007-07-10,South Victorville,994
994,CadetBlue,2014-06-10,Port Justinbury,995
995,BlanchedAlmond,2018-05-25,Martinport,996
996,Navy,2014-07-12,Stephenburgh,997
997,Linen,1993-08-01,West Manuel,998
998,DarkKhaki,1974-11-19,East Glenn,999
999,Aqua,1988-02-07,Garyberg,1000
