4025,1,yourself point sound,https://placekitten.com/761/911
851,2,several smile government,https://placeimg.com/912/330/any
9699,3,theory pattern significant,https://dummyimage.com/982x633
8976,4,any option radio,https://placeimg.com/217/279/any
6728,5,amount wrong charge,https://dummyimage.com/74x8
4141,6,camera once hotel,https://placeimg.com/671/294/any
8187,7,social perhaps growth,https://placekitten.com/866/570
8546,8,its memory ok,https://placeimg.com/104/856/any
5405,9,art PM leg,https://dummyimage.com/151x10
7327,10,like amount relationship,https://placeimg.com/595/732/any
6185,11,computer nation south,https://placeimg.com/136/176/any
8380,12,leave reflect identify,https://dummyimage.com/734x296
3063,13,mouth could staff,https://dummyimage.com/783x23
1644,14,across quickly lot,https://placekitten.com/355/956
8265,15,effort personal street,https://www.lorempixel.com/276/110
7929,16,position somebody president,https://placekitten.com/804/190
7858,17,factor thus two,https://placeimg.com/905/442/any
9847,18,we sea seem,https://dummyimage.com/597x148
4399,19,light too growth,https://www.lorempixel.com/413/1020
1841,20,officer bring possible,https://placeimg.com/808/466/any
6098,21,visit quite trip,https://dummyimage.com/158x804
4905,22,truth state mission,https://dummyimage.com/488x286
8064,23,dark future century,https://dummyimage.com/267x815
9748,24,return music say,https://placekitten.com/459/295
4219,25,property almost father,https://placeimg.com/249/557/any
2225,26,sure front audience,https://www.lorempixel.com/756/965
9219,27,off defense class,https://placekitten.com/769/132
428,28,end economic wall,https://www.lorempixel.com/801/893
1325,29,relate same determine,https://dummyimage.com/50x60
9932,30,two paper blood,https://placeimg.com/712/744/any
7670,31,dream consider party,https://placekitten.com/32/723
4847,32,you TV interview,https://dummyimage.com/259x317
7672,33,itself simple good,https://placekitten.com/64/808
4892,34,measure today section,https://dummyimage.com/792x239
6737,35,fine trouble federal,https://placekitten.com/541/642
3799,36,field cause religious,https://dummyimage.com/19x675
199,37,wonder Congress drug,https://placekitten.com/460/429
1242,38,ability base single,https://dummyimage.com/403x378
9222,39,factor trouble natural,https://dummyimage.com/426x159
4441,40,health author special,https://www.lorempixel.com/277/719
8816,41,school according bed,https://placeimg.com/292/721/any
862,42,marriage night under,https://www.lorempixel.com/240/87
6909,43,lay finish answer,https://www.lorempixel.com/219/806
7107,44,allow its cover,https://placeimg.com/778/642/any
9554,45,author account until,https://placeimg.com/942/183/any
2898,46,say quickly detail,https://placekitten.com/87/892
8428,47,make never voice,https://dummyimage.com/94x957
3009,48,mother check air,https://dummyimage.com/438x975
2934,49,play cost across,https://placeimg.com/445/333/any
216,50,day capital small,https://dummyimage.com/510x216
4036,51,white perhaps you,https://placeimg.com/871/203/any
3384,52,role stock account,https://www.lorempixel.com/424/601
688,53,today evidence truth,https://placeimg.com/548/232/any
9859,54,throw everything serve,https://placeimg.com/237/344/any
7048,55,week we reality,https://placekitten.com/489/834
7291,56,hope item room,https://www.lorempixel.com/278/89
1961,57,Democrat lot model,https://placeimg.com/1005/925/any
6246,58,area season event,https://placeimg.com/812/663/any
2056,59,clearly middle bit,https://dummyimage.com/516x700
4208,60,participant glass democratic,https://dummyimage.com/188x724
5620,61,yes mission blood,https://placeimg.com/806/990/any
2070,62,whole almost interest,https://placekitten.com/639/813
4019,63,eat price here,https://www.lorempixel.com/283/562
1728,64,listen travel student,https://placekitten.com/57/542
1167,65,director feeling main,https://placekitten.com/982/928
6102,66,reason radio mission,https://dummyimage.com/444x885
8775,67,conference or feel,https://www.lorempixel.com/848/662
2690,68,crime note early,https://www.lorempixel.com/985/444
2031,69,its catch finally,https://placekitten.com/7/894
4478,70,small production within,https://dummyimage.com/719x805
9311,71,leave finish can,https://dummyimage.com/8x48
9607,72,capital down scene,https://placekitten.com/896/101
7794,73,choice long size,https://dummyimage.com/646x896
1434,74,something begin pass,https://placekitten.com/129/304
918,75,experience writer try,https://www.lorempixel.com/425/151
3303,76,method special impact,https://dummyimage.com/520x648
9386,77,case action late,https://www.lorempixel.com/1002/35
2863,78,evening adult any,https://dummyimage.com/702x535
227,79,should fast some,https://www.lorempixel.com/664/552
3919,80,rate letter building,https://www.lorempixel.com/551/612
7215,81,if across month,https://dummyimage.com/969x495
5381,82,fill feeling during,https://placeimg.com/543/602/any
9650,83,us believe author,https://dummyimage.com/617x879
2541,84,yard dark add,https://placekitten.com/106/279
7575,85,he that without,https://placekitten.com/234/263
8822,86,red value area,https://dummyimage.com/677x53
5424,87,agree spring exist,https://placekitten.com/72/1
2972,88,yes sing continue,https://placeimg.com/814/1014/any
111,89,street tend thus,https://placekitten.com/516/973
2898,90,conference technology character,https://placekitten.com/682/803
5115,91,expert usually race,https://placeimg.com/526/553/any
2962,92,wind church very,https://placeimg.com/311/833/any
8398,93,treatment generation professor,https://placekitten.com/27/560
6135,94,year general society,https://placekitten.com/107/357
4857,95,senior player friend,https://placekitten.com/588/688
7163,96,free then time,https://placekitten.com/328/467
3614,97,now new strategy,https://dummyimage.com/378x689
5036,98,lead many into,https://placeimg.com/852/367/any
5658,99,game idea manager,https://www.lorempixel.com/932/297
8951,100,little seat direction,https://placeimg.com/934/644/any
6006,101,conference other east,https://placekitten.com/578/779
6699,102,brother practice easy,https://placeimg.com/217/722/any
2376,103,work system friend,https://www.lorempixel.com/984/726
6135,104,break general voice,https://www.lorempixel.com/456/728
3422,105,industry small gas,https://placeimg.com/864/235/any
4196,106,space itself through,https://www.lorempixel.com/508/116
6819,107,push executive ten,https://placeimg.com/557/35/any
6076,108,all choice other,https://placekitten.com/1022/266
5476,109,how matter last,https://dummyimage.com/150x733
6201,110,mean do five,https://placeimg.com/738/15/any
6668,111,find list individual,https://dummyimage.com/152x250
6685,112,memory hospital much,https://www.lorempixel.com/921/1012
4686,113,else reflect movie,https://dummyimage.com/356x241
6372,114,baby exist mouth,https://placeimg.com/592/786/any
5489,115,control trip light,https://www.lorempixel.com/747/656
1559,116,her character nearly,https://placekitten.com/638/544
6453,117,section five technology,https://www.lorempixel.com/710/778
3920,118,probably window fund,https://dummyimage.com/271x634
9989,119,team yet feeling,https://placeimg.com/938/536/any
4633,120,share one fight,https://placeimg.com/525/679/any
4141,121,high national work,https://placekitten.com/733/474
7762,122,woman have model,https://placeimg.com/268/727/any
3822,123,by team police,https://placeimg.com/353/527/any
7861,124,magazine own decision,https://placeimg.com/1008/166/any
9793,125,physical red detail,https://placekitten.com/522/818
332,126,training break report,https://placekitten.com/224/62
5845,127,main room doctor,https://dummyimage.com/824x15
2850,128,art staff activity,https://placeimg.com/950/94/any
3601,129,forget consider citizen,https://www.lorempixel.com/712/331
3972,130,off leave whether,https://placekitten.com/161/1021
8787,131,cell free and,https://placeimg.com/616/639/any
4568,132,raise produce story,https://placeimg.com/1013/424/any
2215,133,base half act,https://placeimg.com/965/55/any
101,134,article production happy,https://placekitten.com/900/121
1541,135,line trade reduce,https://www.lorempixel.com/532/817
7997,136,improve land agree,https://www.lorempixel.com/179/190
5621,137,important truth both,https://dummyimage.com/183x688
1894,138,law I reflect,https://dummyimage.com/999x249
8402,139,kid situation feel,https://placekitten.com/31/592
6091,140,case if outside,https://placekitten.com/842/192
337,141,week past bad,https://dummyimage.com/1021x493
5415,142,sit want guy,https://placeimg.com/498/142/any
2338,143,yourself set board,https://placeimg.com/304/176/any
9659,144,happen military both,https://placeimg.com/729/434/any
9547,145,catch since trip,https://placekitten.com/424/996
9920,146,light majority even,https://placekitten.com/574/529
413,147,best management peace,https://placeimg.com/448/239/any
455,148,ball drug would,https://www.lorempixel.com/191/67
647,149,fill fear capital,https://www.lorempixel.com/586/276
5445,150,fear again near,https://placeimg.com/164/535/any
9241,151,relationship common summer,https://dummyimage.com/582x309
1333,152,add rather and,https://dummyimage.com/38x347
229,153,plant already her,https://placekitten.com/548/698
7169,154,each successful role,https://www.lorempixel.com/576/81
4429,155,discover determine guy,https://www.lorempixel.com/911/848
5488,156,stuff mention south,https://placekitten.com/852/991
3992,157,record create mother,https://placeimg.com/453/620/any
1329,158,others late place,https://dummyimage.com/939x953
6315,159,specific money your,https://placeimg.com/182/511/any
775,160,behind step give,https://placeimg.com/714/415/any
2647,161,figure write drop,https://placeimg.com/724/43/any
3474,162,into firm painting,https://dummyimage.com/604x279
2660,163,agreement indicate chance,https://placeimg.com/201/423/any
9857,164,production single south,https://placekitten.com/209/947
8608,165,official foreign cold,https://placeimg.com/147/421/any
1643,166,want bag series,https://dummyimage.com/594x555
7839,167,manage popular begin,https://www.lorempixel.com/625/769
7307,168,option across arm,https://www.lorempixel.com/240/552
6891,169,also what under,https://www.lorempixel.com/275/600
4397,170,rate although accept,https://placeimg.com/747/854/any
6847,171,inside site agreement,https://www.lorempixel.com/67/318
9503,172,daughter project lay,https://dummyimage.com/774x405
6921,173,series call just,https://placeimg.com/593/786/any
5039,174,local choice turn,https://placeimg.com/97/150/any
2390,175,realize behind health,https://placeimg.com/444/950/any
5384,176,often perform Mrs,https://www.lorempixel.com/798/651
4490,177,think sister this,https://dummyimage.com/767x932
3550,178,environmental piece defense,https://dummyimage.com/700x351
6038,179,area public analysis,https://dummyimage.com/883x799
4420,180,find mission room,https://www.lorempixel.com/391/770
5424,181,carry station team,https://www.lorempixel.com/663/90
2963,182,concern official apply,https://placekitten.com/726/112
5502,183,mouth recent behavior,https://placeimg.com/282/64/any
3512,184,one wall cost,https://placeimg.com/1003/266/any
4915,185,huge list national,https://www.lorempixel.com/201/678
4162,186,test image among,https://placekitten.com/796/1002
3727,187,risk science simple,https://placeimg.com/886/936/any
2677,188,nature easy attorney,https://placekitten.com/525/861
7559,189,financial no follow,https://placekitten.com/350/706
5097,190,surface police decision,https://www.lorempixel.com/520/620
4320,191,about once to,https://placeimg.com/386/37/any
2083,192,hospital structure practice,https://dummyimage.com/789x933
8299,193,rule animal ball,https://dummyimage.com/632x927
4099,194,subject item care,https://dummyimage.com/162x804
2350,195,so that material,https://placekitten.com/768/480
9984,196,city their sense,https://placeimg.com/114/646/any
6119,197,state activity factor,https://placekitten.com/1008/158
4731,198,these they home,https://placekitten.com/369/586
2140,199,already true entire,https://placeimg.com/410/1022/any
2202,200,cultural vote something,https://placeimg.com/742/122/any
1414,201,believe role reach,https://www.lorempixel.com/635/524
417,202,wind president study,https://placeimg.com/515/566/any
8553,203,yard theory up,https://placekitten.com/830/658
5634,204,college head relate,https://dummyimage.com/198x95
3911,205,month generation interest,https://placeimg.com/113/318/any
2279,206,star production teacher,https://placeimg.com/958/519/any
1601,207,some prepare then,https://dummyimage.com/940x618
4698,208,cup baby test,https://placekitten.com/540/688
1977,209,north degree site,https://dummyimage.com/259x164
779,210,business spring cold,https://dummyimage.com/420x695
7171,211,quality week finish,https://placeimg.com/666/840/any
9688,212,herself part person,https://placeimg.com/896/608/any
5350,213,effect site idea,https://dummyimage.com/962x854
3000,214,smile high heavy,https://dummyimage.com/308x146
5675,215,environmental other expect,https://dummyimage.com/942x244
766,216,take last manage,https://placekitten.com/911/110
4709,217,game husband task,https://www.lorempixel.com/45/675
2014,218,health executive debate,https://placeimg.com/900/476/any
8907,219,piece teacher church,https://placeimg.com/35/374/any
3794,220,price people way,https://dummyimage.com/481x499
221,221,religious soon nation,https://www.lorempixel.com/90/1018
5977,222,eat remember spend,https://dummyimage.com/38x89
5264,223,herself recognize decade,https://dummyimage.com/204x953
5467,224,bring remain affect,https://dummyimage.com/957x770
6269,225,cause history computer,https://placekitten.com/373/720
8816,226,mind assume field,https://placeimg.com/715/544/any
1243,227,for message real,https://placeimg.com/222/754/any
1689,228,like boy minute,https://placeimg.com/604/281/any
7513,229,cause feel always,https://placeimg.com/881/493/any
4626,230,wait skill recognize,https://www.lorempixel.com/952/664
9302,231,we hand air,https://dummyimage.com/307x550
9196,232,benefit involve sometimes,https://www.lorempixel.com/688/498
8954,233,include hotel southern,https://www.lorempixel.com/884/982
6751,234,set although team,https://placeimg.com/965/157/any
8418,235,myself they boy,https://placekitten.com/43/595
7059,236,never question decision,https://dummyimage.com/196x1010
3154,237,give exactly little,https://placekitten.com/399/652
5332,238,ready very think,https://www.lorempixel.com/1008/938
6950,239,note effect task,https://placekitten.com/93/516
7448,240,home both anything,https://www.lorempixel.com/111/175
1047,241,buy fear face,https://dummyimage.com/234x268
2898,242,able training daughter,https://dummyimage.com/207x885
4881,243,sister upon man,https://dummyimage.com/268x415
4463,244,day action field,https://dummyimage.com/298x604
4985,245,staff yourself business,https://www.lorempixel.com/759/205
2623,246,carry cell per,https://placekitten.com/259/605
1644,247,increase statement office,https://dummyimage.com/319x924
6144,248,culture better out,https://www.lorempixel.com/89/438
1243,249,rich collection performance,https://dummyimage.com/256x747
6906,250,social if that,https://dummyimage.com/386x777
7452,251,measure later case,https://placekitten.com/453/631
724,252,environmental than step,https://placekitten.com/677/817
7643,253,fear most hard,https://placeimg.com/30/330/any
166,254,teacher fall check,https://placeimg.com/273/518/any
3973,255,between couple strong,https://www.lorempixel.com/746/440
8573,256,analysis happy Mr,https://placekitten.com/1016/319
9728,257,safe task high,https://placeimg.com/450/473/any
8472,258,with institution concern,https://placekitten.com/343/134
7355,259,care require standard,https://www.lorempixel.com/126/998
3715,260,build force apply,https://placekitten.com/679/138
4402,261,far save he,https://dummyimage.com/664x684
9070,262,list suddenly car,https://dummyimage.com/572x833
2885,263,I billion appear,https://placekitten.com/428/478
3567,264,degree bring your,https://www.lorempixel.com/628/157
4759,265,he contain growth,https://placeimg.com/324/362/any
4438,266,address bad even,https://placeimg.com/202/601/any
7727,267,significant impact agency,https://www.lorempixel.com/827/683
1436,268,building choose design,https://dummyimage.com/879x149
9512,269,among send radio,https://placeimg.com/63/748/any
1979,270,debate sell success,https://www.lorempixel.com/483/542
2272,271,huge arrive establish,https://placeimg.com/388/999/any
5968,272,thought growth give,https://www.lorempixel.com/578/689
6945,273,national able vote,https://www.lorempixel.com/934/227
9556,274,benefit over than,https://placeimg.com/368/287/any
7357,275,mission activity military,https://dummyimage.com/1023x75
2004,276,theory audience law,https://www.lorempixel.com/960/888
7363,277,baby administration body,https://placeimg.com/492/558/any
1364,278,agree simple building,https://placekitten.com/936/1003
1334,279,research surface toward,https://dummyimage.com/615x298
5329,280,appear without impact,https://www.lorempixel.com/1003/422
5297,281,keep school according,https://www.lorempixel.com/471/760
4724,282,space star expect,https://www.lorempixel.com/593/96
5174,283,down contain deal,https://dummyimage.com/969x1022
2114,284,everything the letter,https://placekitten.com/226/320
6566,285,wife glass common,https://www.lorempixel.com/281/124
6300,286,black wind your,https://www.lorempixel.com/455/729
6432,287,sure she heart,https://placeimg.com/32/337/any
5161,288,hope today offer,https://placekitten.com/292/431
2563,289,perhaps not choice,https://placeimg.com/701/272/any
9273,290,author fill goal,https://www.lorempixel.com/934/515
4639,291,example serve usually,https://www.lorempixel.com/785/98
4916,292,finish hair property,https://dummyimage.com/489x468
2635,293,myself weight gas,https://placeimg.com/538/488/any
9962,294,season may reveal,https://placekitten.com/985/65
2756,295,executive system peace,https://www.lorempixel.com/522/16
2038,296,value its prepare,https://www.lorempixel.com/332/960
3700,297,myself head manage,https://placeimg.com/234/107/any
5445,298,many brother government,https://placekitten.com/520/938
9063,299,report list then,https://www.lorempixel.com/69/346
3218,300,Republican which there,https://placekitten.com/291/641
5891,301,hard perhaps produce,https://placeimg.com/965/810/any
1239,302,also employee science,https://placeimg.com/438/412/any
2856,303,outside huge particular,https://dummyimage.com/148x607
858,304,official write huge,https://dummyimage.com/785x799
4105,305,approach line even,https://dummyimage.com/476x469
4136,306,consumer around Congress,https://dummyimage.com/692x1020
5793,307,wear specific wall,https://www.lorempixel.com/335/153
1274,308,wrong together early,https://www.lorempixel.com/352/304
5728,309,PM kitchen trip,https://www.lorempixel.com/382/875
3434,310,traditional simply deal,https://www.lorempixel.com/450/664
4836,311,reality edge wear,https://placekitten.com/465/971
4302,312,scene nothing democratic,https://placekitten.com/444/599
9836,313,goal beautiful newspaper,https://www.lorempixel.com/206/308
185,314,single government again,https://www.lorempixel.com/73/474
1143,315,fish place difficult,https://placeimg.com/134/976/any
4594,316,type civil general,https://dummyimage.com/66x154
2939,317,firm middle you,https://placekitten.com/296/842
3129,318,tree lawyer owner,https://dummyimage.com/903x731
9185,319,surface site our,https://www.lorempixel.com/306/642
5869,320,candidate relate paper,https://placekitten.com/439/167
4798,321,area guess have,https://dummyimage.com/445x785
2906,322,agree Republican four,https://placeimg.com/680/694/any
5388,323,sound partner glass,https://placekitten.com/400/1012
7769,324,us international occur,https://www.lorempixel.com/658/839
4065,325,evening officer example,https://dummyimage.com/351x539
1373,326,front less in,https://placeimg.com/14/865/any
9696,327,loss they form,https://placekitten.com/1001/242
6277,328,tonight friend wear,https://www.lorempixel.com/55/976
4769,329,certain own poor,https://dummyimage.com/368x873
7549,330,Mr agreement main,https://placeimg.com/677/429/any
1333,331,manage ok majority,https://placeimg.com/239/791/any
8275,332,star picture everything,https://www.lorempixel.com/704/585
9308,333,home send similar,https://placeimg.com/620/487/any
9037,334,hotel top own,https://dummyimage.com/158x816
7275,335,partner artist old,https://www.lorempixel.com/123/136
9521,336,act seven development,https://placeimg.com/221/290/any
8163,337,believe major describe,https://dummyimage.com/399x421
1353,338,standard light help,https://placeimg.com/698/813/any
9710,339,statement several each,https://dummyimage.com/524x661
3572,340,beautiful themselves become,https://placeimg.com/616/206/any
8522,341,present company class,https://www.lorempixel.com/995/343
7690,342,rather middle girl,https://www.lorempixel.com/291/717
3048,343,green listen medical,https://www.lorempixel.com/820/177
3048,344,although particular dog,https://placekitten.com/361/590
3187,345,party there blue,https://placeimg.com/169/981/any
9174,346,occur learn produce,https://www.lorempixel.com/675/416
8170,347,group not away,https://placekitten.com/253/317
2141,348,word join rule,https://placekitten.com/407/55
5874,349,property fire throw,https://placekitten.com/776/1003
4915,350,on fact buy,https://dummyimage.com/788x40
2170,351,respond actually success,https://placeimg.com/915/570/any
2368,352,course project night,https://dummyimage.com/473x839
1344,353,player already then,https://www.lorempixel.com/107/393
3114,354,girl just through,https://placekitten.com/906/216
2139,355,let hope tonight,https://dummyimage.com/555x114
4725,356,quality true choice,https://www.lorempixel.com/570/490
3415,357,us relationship happen,https://placekitten.com/155/29
7759,358,myself pick manager,https://placekitten.com/550/65
2662,359,main around end,https://dummyimage.com/274x129
5270,360,wife despite easy,https://placeimg.com/823/276/any
3392,361,people measure middle,https://www.lorempixel.com/805/379
4966,362,continue stage perform,https://www.lorempixel.com/5/412
4814,363,agency final resource,https://placekitten.com/511/85
1537,364,cup type piece,https://dummyimage.com/17x164
2935,365,care girl defense,https://placekitten.com/995/879
8560,366,goal together should,https://placekitten.com/846/216
9907,367,that deal medical,https://placeimg.com/254/114/any
2365,368,wish similar ball,https://placekitten.com/349/248
3952,369,yeah guess Republican,https://dummyimage.com/593x426
6898,370,human professor old,https://www.lorempixel.com/564/448
472,371,party population vote,https://www.lorempixel.com/629/226
9577,372,indeed military hear,https://placekitten.com/895/818
6200,373,example stop whose,https://placeimg.com/1017/564/any
7974,374,member west well,https://www.lorempixel.com/269/575
9504,375,kid good rule,https://placekitten.com/449/70
4431,376,stock cup main,https://placeimg.com/228/383/any
8316,377,now allow moment,https://placeimg.com/386/66/any
9282,378,create through many,https://www.lorempixel.com/789/251
9685,379,could agency yeah,https://dummyimage.com/996x635
3063,380,majority no front,https://placeimg.com/196/276/any
9425,381,drive picture friend,https://www.lorempixel.com/201/733
7456,382,ball difference act,https://dummyimage.com/562x597
1886,383,sea five decide,https://www.lorempixel.com/612/723
9757,384,at focus pass,https://dummyimage.com/318x940
654,385,conference hope perhaps,https://placeimg.com/596/613/any
5437,386,feel election usually,https://dummyimage.com/454x968
7631,387,show above week,https://dummyimage.com/851x809
638,388,street serve surface,https://dummyimage.com/275x495
5276,389,outside impact over,https://www.lorempixel.com/345/101
5064,390,relate test easy,https://placekitten.com/748/156
1005,391,person space stay,https://placeimg.com/7/253/any
2666,392,adult build learn,https://www.lorempixel.com/722/154
3260,393,chance official author,https://dummyimage.com/654x749
398,394,tend specific development,https://dummyimage.com/708x582
3192,395,thing explain night,https://placekitten.com/165/231
6534,396,anyone budget age,https://placeimg.com/268/925/any
3555,397,save whatever under,https://placekitten.com/389/617
7547,398,whatever general agreement,https://placeimg.com/133/965/any
7378,399,everybody market improve,https://dummyimage.com/465x979
3215,400,along those soon,https://placekitten.com/632/992
9721,401,lose catch pretty,https://dummyimage.com/717x253
6411,402,deal ten provide,https://placeimg.com/667/359/any
7171,403,treatment strategy country,https://dummyimage.com/753x593
136,404,cultural exist stand,https://www.lorempixel.com/513/768
8752,405,network few but,https://placekitten.com/78/988
9085,406,oil ok according,https://www.lorempixel.com/502/857
2646,407,recently human subject,https://www.lorempixel.com/969/79
5427,408,leg fill arm,https://www.lorempixel.com/641/781
4057,409,piece stay general,https://www.lorempixel.com/730/1014
5002,410,vote actually product,https://www.lorempixel.com/194/739
4303,411,rock ago easy,https://www.lorempixel.com/125/555
7474,412,dinner continue kitchen,https://placekitten.com/680/333
913,413,small I light,https://dummyimage.com/742x27
972,414,me over drive,https://placeimg.com/825/928/any
9010,415,fast building as,https://placekitten.com/143/563
6311,416,gun allow better,https://placekitten.com/530/12
2734,417,message clear show,https://www.lorempixel.com/978/995
5760,418,day most produce,https://dummyimage.com/102x961
5272,419,you step establish,https://placekitten.com/941/471
1931,420,hit full when,https://placeimg.com/144/141/any
3760,421,tend arm help,https://dummyimage.com/180x147
1684,422,financial your four,https://www.lorempixel.com/158/873
6536,423,medical sort question,https://placeimg.com/944/92/any
4166,424,reduce range total,https://placeimg.com/1006/840/any
517,425,market health anyone,https://dummyimage.com/803x341
5929,426,animal spend leg,https://placeimg.com/683/621/any
9121,427,effect decide third,https://dummyimage.com/161x910
2657,428,through national week,https://www.lorempixel.com/417/788
9571,429,expect there program,https://www.lorempixel.com/444/418
721,430,together fact improve,https://placekitten.com/930/139
8676,431,example use suggest,https://www.lorempixel.com/423/847
9532,432,change far learn,https://dummyimage.com/388x19
9682,433,reason usually become,https://placekitten.com/205/182
5763,434,everybody particular although,https://www.lorempixel.com/639/266
6745,435,leave task if,https://placeimg.com/198/291/any
3389,436,down election scientist,https://dummyimage.com/547x486
5329,437,nature free network,https://dummyimage.com/760x889
5115,438,street wife make,https://placeimg.com/263/202/any
4177,439,sell face tonight,https://placekitten.com/629/861
1430,440,break value television,https://placeimg.com/308/105/any
5757,441,Republican eight give,https://placekitten.com/792/517
7244,442,project man ability,https://dummyimage.com/293x946
3984,443,knowledge page peace,https://placeimg.com/847/955/any
9290,444,officer method list,https://placekitten.com/759/128
6080,445,teach section alone,https://www.lorempixel.com/357/337
3179,446,safe pass early,https://www.lorempixel.com/200/542
9349,447,claim sound risk,https://www.lorempixel.com/642/863
3315,448,single measure effect,https://www.lorempixel.com/325/344
1338,449,remain personal series,https://www.lorempixel.com/235/307
4996,450,team level recent,https://placekitten.com/134/504
2854,451,oil area glass,https://www.lorempixel.com/182/247
9108,452,then study he,https://placekitten.com/702/545
4110,453,my television time,https://www.lorempixel.com/1008/445
4649,454,seek crime girl,https://www.lorempixel.com/489/974
7636,455,month bed night,https://dummyimage.com/478x876
1517,456,fire modern year,https://placekitten.com/282/419
1882,457,argue likely affect,https://www.lorempixel.com/239/311
488,458,friend hand character,https://dummyimage.com/888x808
6627,459,policy again yeah,https://www.lorempixel.com/24/505
3069,460,recently figure buy,https://www.lorempixel.com/502/844
2439,461,build director to,https://placeimg.com/94/174/any
6601,462,fish against be,https://www.lorempixel.com/590/353
426,463,need he word,https://placeimg.com/345/71/any
5349,464,final fine girl,https://placekitten.com/110/15
6876,465,she budget region,https://www.lorempixel.com/723/468
7203,466,page single reduce,https://www.lorempixel.com/1013/850
724,467,others sometimes citizen,https://www.lorempixel.com/684/500
5257,468,might care idea,https://www.lorempixel.com/49/491
1836,469,point accept remember,https://www.lorempixel.com/55/101
8530,470,it put current,https://placekitten.com/674/898
9127,471,stop continue yet,https://dummyimage.com/656x1014
6951,472,employee their common,https://dummyimage.com/137x481
185,473,direction theory story,https://placeimg.com/780/799/any
158,474,fine treat vote,https://dummyimage.com/721x256
2068,475,increase push daughter,https://dummyimage.com/113x283
6287,476,meeting method age,https://placekitten.com/310/572
3789,477,think others break,https://placekitten.com/36/624
2250,478,inside across edge,https://placekitten.com/367/850
9464,479,we drive his,https://placekitten.com/40/890
5340,480,bill me best,https://placeimg.com/402/863/any
2427,481,world economy world,https://dummyimage.com/239x221
8944,482,local check respond,https://placeimg.com/378/298/any
336,483,fast glass moment,https://www.lorempixel.com/832/426
3412,484,although agree law,https://www.lorempixel.com/930/830
1689,485,fact back customer,https://placeimg.com/301/317/any
7863,486,table cultural information,https://dummyimage.com/450x993
2428,487,world successful charge,https://placekitten.com/186/476
5297,488,respond father education,https://dummyimage.com/570x567
7678,489,less lay occur,https://dummyimage.com/288x257
5623,490,imagine think ahead,https://www.lorempixel.com/346/92
9470,491,successful family certainly,https://placekitten.com/381/969
4881,492,miss center per,https://placekitten.com/613/738
445,493,prepare local glass,https://dummyimage.com/821x166
749,494,score car response,https://www.lorempixel.com/187/925
255,495,wall sound itself,https://placeimg.com/658/806/any
2952,496,professional true former,https://placekitten.com/669/656
8476,497,skill institution artist,https://placeimg.com/685/29/any
632,498,special if Democrat,https://placekitten.com/785/181
3295,499,television official necessary,https://dummyimage.com/1022x128
3344,500,remain movie garden,https://placekitten.com/177/961
3636,501,other else relationship,https://placeimg.com/887/896/any
8086,502,character parent spring,https://placeimg.com/705/1002/any
8240,503,choice south away,https://www.lorempixel.com/94/935
841,504,art let peace,https://placeimg.com/242/179/any
4232,505,good finish bank,https://www.lorempixel.com/13/343
6156,506,after part bag,https://placeimg.com/517/552/any
5617,507,fact forget pick,https://placeimg.com/714/135/any
8367,508,pretty job almost,https://placeimg.com/921/165/any
5431,509,seem enjoy white,https://placekitten.com/107/89
8121,510,risk write issue,https://placekitten.com/152/595
1982,511,newspaper walk others,https://dummyimage.com/763x426
7430,512,mouth measure specific,https://placekitten.com/267/54
9506,513,my the determine,https://placeimg.com/289/974/any
6509,514,right grow local,https://placekitten.com/210/220
3178,515,environment own after,https://placekitten.com/104/905
5672,516,success worker southern,https://www.lorempixel.com/454/371
8749,517,good past democratic,https://placekitten.com/65/519
5489,518,young thing under,https://dummyimage.com/1001x191
849,519,career but blue,https://placekitten.com/588/96
5113,520,side show include,https://dummyimage.com/499x799
4599,521,discover sound station,https://dummyimage.com/816x92
6988,522,myself position try,https://placeimg.com/235/199/any
4330,523,we rock nature,https://placekitten.com/1001/539
8824,524,never class time,https://www.lorempixel.com/636/367
1672,525,quite walk ability,https://placekitten.com/981/644
8219,526,eat answer director,https://placeimg.com/127/746/any
2132,527,see term simple,https://placekitten.com/950/609
5558,528,run lose many,https://dummyimage.com/193x754
4734,529,it upon apply,https://dummyimage.com/559x267
2047,530,car house artist,https://dummyimage.com/494x808
3176,531,produce soon stock,https://dummyimage.com/765x40
3918,532,partner fish us,https://www.lorempixel.com/786/71
6881,533,individual memory through,https://placekitten.com/679/178
1328,534,adult always ready,https://placekitten.com/84/419
1818,535,box herself population,https://www.lorempixel.com/108/643
9638,536,year garden knowledge,https://placekitten.com/654/443
8259,537,get response himself,https://placekitten.com/743/848
9767,538,apply defense population,https://dummyimage.com/187x135
1352,539,book hair might,https://placekitten.com/432/471
8457,540,require table already,https://placekitten.com/136/394
4115,541,quite write turn,https://placekitten.com/705/823
9064,542,include star discover,https://placekitten.com/219/277
1347,543,dinner while success,https://dummyimage.com/224x996
661,544,similar alone school,https://dummyimage.com/647x928
7428,545,morning for individual,https://placeimg.com/217/564/any
6451,546,whole here far,https://placeimg.com/519/829/any
4424,547,road kitchen some,https://www.lorempixel.com/81/499
6268,548,tonight best protect,https://placekitten.com/162/159
7585,549,management him subject,https://placekitten.com/1024/648
3502,550,final partner about,https://www.lorempixel.com/889/582
2596,551,start little catch,https://placeimg.com/627/660/any
5639,552,vote piece address,https://placeimg.com/448/557/any
7583,553,after sport thus,https://placeimg.com/238/759/any
3674,554,say plan threat,https://www.lorempixel.com/325/406
6781,555,effect bill well,https://dummyimage.com/221x391
8381,556,anyone check a,https://www.lorempixel.com/173/258
120,557,animal personal eye,https://placeimg.com/845/737/any
2720,558,but list even,https://placeimg.com/989/187/any
1235,559,care shoulder artist,https://dummyimage.com/951x153
934,560,staff Congress name,https://placekitten.com/153/75
8335,561,chair skill floor,https://placekitten.com/166/457
747,562,local ball peace,https://placeimg.com/830/693/any
5839,563,four thing effect,https://placekitten.com/700/952
5608,564,board husband pick,https://www.lorempixel.com/641/3
3015,565,rest southern perform,https://placekitten.com/479/378
6603,566,mean front claim,https://placeimg.com/199/279/any
2147,567,young before easy,https://placekitten.com/614/153
2339,568,them employee culture,https://placekitten.com/939/463
5936,569,up write perhaps,https://www.lorempixel.com/400/331
5679,570,season nation can,https://dummyimage.com/238x1
7127,571,sort police sea,https://placeimg.com/543/629/any
6584,572,final hope field,https://dummyimage.com/718x703
3245,573,box level happen,https://dummyimage.com/694x379
8783,574,employee pattern different,https://dummyimage.com/607x961
3849,575,hair change alone,https://placeimg.com/381/416/any
8509,576,hotel step thousand,https://dummyimage.com/70x949
677,577,city various line,https://placeimg.com/324/532/any
8541,578,continue both plant,https://dummyimage.com/714x549
588,579,baby visit foot,https://dummyimage.com/543x159
1005,580,reason middle ask,https://dummyimage.com/944x356
4839,581,sell lot best,https://placekitten.com/18/42
2964,582,black wind morning,https://placeimg.com/940/937/any
312,583,lead which by,https://dummyimage.com/56x1020
147,584,look director will,https://placeimg.com/744/261/any
9586,585,light perform how,https://placekitten.com/692/539
5100,586,maybe and drug,https://placekitten.com/437/531
1247,587,past particular discussion,https://placekitten.com/796/350
624,588,herself fear great,https://dummyimage.com/29x162
4217,589,hit loss painting,https://placeimg.com/251/376/any
249,590,yes boy thing,https://dummyimage.com/496x815
3887,591,card environment Republican,https://placeimg.com/434/486/any
6533,592,network myself quite,https://placeimg.com/499/305/any
3427,593,what and beyond,https://www.lorempixel.com/820/199
9427,594,theory indicate of,https://dummyimage.com/363x474
1804,595,east technology fine,https://placeimg.com/32/103/any
8602,596,black stage visit,https://placekitten.com/5/189
8329,597,first how protect,https://placekitten.com/980/739
1380,598,outside factor idea,https://placekitten.com/198/229
9840,599,our culture west,https://www.lorempixel.com/344/780
3513,600,wait free may,https://dummyimage.com/384x1009
5743,601,model total nation,https://placeimg.com/423/262/any
8623,602,sister source establish,https://www.lorempixel.com/354/996
1800,603,pay federal reach,https://placekitten.com/481/297
6158,604,artist expect popular,https://www.lorempixel.com/205/330
6179,605,drop talk international,https://dummyimage.com/731x1007
5155,606,fish follow free,https://placeimg.com/416/53/any
3701,607,late nature next,https://placeimg.com/670/438/any
2297,608,necessary drive understand,https://placekitten.com/971/301
9591,609,plant million window,https://dummyimage.com/1010x959
6978,610,over information like,https://www.lorempixel.com/516/664
3842,611,enjoy serious moment,https://placekitten.com/176/619
209,612,line military game,https://www.lorempixel.com/420/278
5020,613,cold various up,https://www.lorempixel.com/178/419
8212,614,make conference open,https://www.lorempixel.com/33/843
7801,615,sort condition forget,https://placeimg.com/26/62/any
3153,616,three cultural truth,https://placekitten.com/158/326
5492,617,notice today strong,https://www.lorempixel.com/582/324
6931,618,general future hand,https://placekitten.com/215/424
627,619,key public often,https://www.lorempixel.com/15/301
5112,620,answer world meet,https://dummyimage.com/440x13
813,621,exist best seek,https://placekitten.com/415/235
385,622,help word imagine,https://placeimg.com/983/850/any
9149,623,senior some safe,https://www.lorempixel.com/15/341
580,624,occur measure stand,https://www.lorempixel.com/300/354
3667,625,fast question local,https://dummyimage.com/1013x192
1479,626,among drive seem,https://placekitten.com/1014/26
8584,627,sort southern dog,https://placekitten.com/95/975
513,628,it arm relationship,https://placekitten.com/192/906
517,629,thank scene people,https://placeimg.com/530/576/any
5129,630,purpose call successful,https://placeimg.com/503/970/any
8584,631,lead campaign of,https://www.lorempixel.com/625/415
4491,632,debate eat fact,https://placeimg.com/401/426/any
5836,633,goal American fire,https://www.lorempixel.com/582/1015
4464,634,manager house deep,https://www.lorempixel.com/344/356
9665,635,there class possible,https://placekitten.com/475/393
2682,636,tell prevent book,https://placekitten.com/532/995
6660,637,herself market charge,https://placeimg.com/215/683/any
2219,638,simple soldier big,https://www.lorempixel.com/620/435
5443,639,less tax itself,https://dummyimage.com/430x869
8284,640,arm beat candidate,https://placeimg.com/494/829/any
4294,641,want fast article,https://placekitten.com/322/38
325,642,statement include while,https://dummyimage.com/563x190
7999,643,peace building garden,https://placeimg.com/186/967/any
2727,644,hot spring image,https://placeimg.com/882/507/any
4799,645,blue example animal,https://www.lorempixel.com/729/971
3379,646,appear again big,https://placeimg.com/379/196/any
1291,647,stop trial environment,https://placekitten.com/959/490
4606,648,use purpose never,https://www.lorempixel.com/1004/583
4483,649,country affect none,https://www.lorempixel.com/422/718
3331,650,serve score argue,https://placekitten.com/32/118
5285,651,example more easy,https://www.lorempixel.com/968/241
103,652,while hotel lead,https://placeimg.com/498/113/any
2616,653,identify international entire,https://placeimg.com/325/811/any
8218,654,thing another have,https://placekitten.com/785/217
1281,655,data other nothing,https://www.lorempixel.com/688/937
5934,656,ask be finally,https://dummyimage.com/417x935
6556,657,single next human,https://placeimg.com/785/282/any
6240,658,strong notice single,https://dummyimage.com/700x248
6696,659,field music family,https://placekitten.com/814/598
3146,660,its marriage skin,https://placekitten.com/40/936
2195,661,black reality risk,https://placeimg.com/945/630/any
5301,662,indicate reason ten,https://www.lorempixel.com/417/1000
4698,663,interesting near then,https://dummyimage.com/13x12
922,664,too you majority,https://placeimg.com/705/743/any
6496,665,likely couple cost,https://dummyimage.com/371x104
6361,666,coach worker describe,https://placekitten.com/238/963
5046,667,just speak whether,https://www.lorempixel.com/873/120
6941,668,understand commercial fly,https://placekitten.com/971/36
8209,669,major will close,https://dummyimage.com/612x459
4062,670,evidence painting stock,https://placekitten.com/154/336
9292,671,art south base,https://placekitten.com/862/347
3582,672,thus pull trial,https://placeimg.com/501/635/any
8727,673,next cover cost,https://dummyimage.com/638x1013
6951,674,player contain piece,https://www.lorempixel.com/444/347
8955,675,executive cup allow,https://placeimg.com/645/288/any
813,676,window yet suggest,https://www.lorempixel.com/281/12
2292,677,relate your record,https://www.lorempixel.com/194/136
8126,678,court nation civil,https://www.lorempixel.com/710/57
5366,679,claim especially page,https://placekitten.com/919/218
6262,680,record level response,https://placeimg.com/761/577/any
3725,681,happy wonder health,https://placeimg.com/819/62/any
3134,682,what collection either,https://placekitten.com/245/49
866,683,south painting money,https://placeimg.com/333/896/any
767,684,do here material,https://dummyimage.com/113x353
1948,685,which guy after,https://placeimg.com/283/207/any
3025,686,college interview yard,https://placeimg.com/831/483/any
5921,687,detail worker themselves,https://dummyimage.com/195x951
456,688,staff though realize,https://www.lorempixel.com/11/314
4485,689,tough boy red,https://dummyimage.com/414x110
5245,690,dinner never on,https://placeimg.com/689/777/any
8994,691,adult song government,https://www.lorempixel.com/310/723
3101,692,hope major road,https://placeimg.com/633/840/any
4187,693,class establish son,https://dummyimage.com/649x159
9003,694,focus rise these,https://dummyimage.com/214x827
3964,695,type consider then,https://placeimg.com/222/658/any
1395,696,carry personal Congress,https://placeimg.com/360/943/any
4705,697,raise get program,https://placekitten.com/136/181
4841,698,however today nature,https://www.lorempixel.com/945/373
2820,699,economic majority mean,https://placeimg.com/494/787/any
4994,700,suffer although present,https://www.lorempixel.com/982/609
3844,701,cut author east,https://dummyimage.com/519x110
3791,702,law loss that,https://dummyimage.com/480x831
6287,703,forward edge international,https://www.lorempixel.com/107/38
8010,704,Congress industry bed,https://placekitten.com/779/455
783,705,garden one plan,https://dummyimage.com/769x577
2167,706,seat cultural think,https://placeimg.com/585/956/any
4387,707,company religious because,https://placekitten.com/42/332
9323,708,week bit future,https://www.lorempixel.com/748/731
8915,709,over dream effect,https://dummyimage.com/918x301
8890,710,performance finish tree,https://placeimg.com/623/435/any
3279,711,history require father,https://www.lorempixel.com/429/465
2681,712,idea because cup,https://dummyimage.com/446x307
4505,713,view cause success,https://dummyimage.com/814x354
8658,714,team hand add,https://dummyimage.com/38x116
1303,715,check break author,https://placekitten.com/95/893
6667,716,lot night arrive,https://www.lorempixel.com/105/33
200,717,somebody support often,https://dummyimage.com/211x504
777,718,act yard defense,https://dummyimage.com/9x408
8191,719,daughter protect financial,https://placekitten.com/789/390
6811,720,south truth condition,https://placeimg.com/564/621/any
5773,721,actually along reflect,https://placekitten.com/889/414
4228,722,gas center throw,https://dummyimage.com/248x782
6424,723,democratic green bag,https://placeimg.com/10/110/any
6917,724,scene green take,https://placekitten.com/910/331
3223,725,deal friend fire,https://www.lorempixel.com/135/462
8841,726,politics old news,https://www.lorempixel.com/555/1022
767,727,practice middle amount,https://placekitten.com/66/694
5852,728,that although either,https://dummyimage.com/382x732
1540,729,experience people perhaps,https://placeimg.com/694/490/any
5419,730,if local end,https://placeimg.com/83/408/any
4210,731,table like low,https://placekitten.com/550/536
3918,732,generation along human,https://dummyimage.com/57x654
9357,733,explain health those,https://www.lorempixel.com/933/210
2477,734,among employee him,https://placekitten.com/702/247
7431,735,answer sea hour,https://placekitten.com/403/281
2697,736,claim accept security,https://placekitten.com/20/253
5823,737,effect ready piece,https://dummyimage.com/78x176
5421,738,involve five best,https://placekitten.com/726/646
1736,739,the fill financial,https://www.lorempixel.com/841/70
8899,740,player forward real,https://placeimg.com/260/293/any
8729,741,television catch artist,https://placekitten.com/113/914
9432,742,summer spring hour,https://placekitten.com/492/904
5750,743,enough conference history,https://placeimg.com/650/904/any
976,744,course see deal,https://dummyimage.com/977x307
9995,745,million their anyone,https://dummyimage.com/642x710
8356,746,trade south speech,https://placeimg.com/424/615/any
9568,747,member social could,https://placekitten.com/266/263
1038,748,remember kid reason,https://www.lorempixel.com/819/682
9536,749,most win west,https://www.lorempixel.com/185/116
4026,750,benefit stay remember,https://placeimg.com/13/456/any
3317,751,write billion fill,https://placeimg.com/710/439/any
1616,752,into watch walk,https://www.lorempixel.com/929/965
1473,753,as pick form,https://dummyimage.com/105x947
997,754,amount five allow,https://dummyimage.com/851x139
3364,755,take especially above,https://dummyimage.com/149x796
3456,756,star bed myself,https://www.lorempixel.com/144/803
4170,757,begin investment any,https://placeimg.com/93/464/any
3939,758,it contain short,https://dummyimage.com/135x900
1234,759,say back PM,https://dummyimage.com/113x420
9681,760,be ground half,https://placekitten.com/60/738
772,761,decide into care,https://placeimg.com/715/202/any
221,762,hard trip clearly,https://placekitten.com/814/135
2599,763,fund pass upon,https://dummyimage.com/87x16
2608,764,state animal meet,https://www.lorempixel.com/129/758
9971,765,also somebody key,https://www.lorempixel.com/830/415
611,766,idea mean win,https://dummyimage.com/184x488
4368,767,coach clearly question,https://dummyimage.com/115x294
1931,768,Republican bit discuss,https://dummyimage.com/830x443
5734,769,personal expert board,https://dummyimage.com/548x927
9763,770,they range project,https://dummyimage.com/163x744
4377,771,thought society knowledge,https://placekitten.com/294/995
5498,772,item many movie,https://placeimg.com/345/722/any
1188,773,put main pay,https://www.lorempixel.com/970/4
7972,774,surface between road,https://www.lorempixel.com/272/661
3028,775,customer cause about,https://placeimg.com/476/887/any
167,776,building themselves gun,https://placeimg.com/560/618/any
8156,777,beat such smile,https://placeimg.com/622/503/any
6380,778,throw position business,https://www.lorempixel.com/479/823
4935,779,lead theory audience,https://placeimg.com/831/954/any
8649,780,resource well because,https://placekitten.com/198/581
5630,781,its without free,https://placekitten.com/770/306
4799,782,alone shoulder interest,https://placekitten.com/338/792
5076,783,left to white,https://dummyimage.com/274x766
5317,784,finish arrive responsibility,https://placeimg.com/807/140/any
8625,785,his property every,https://placeimg.com/230/858/any
922,786,whether method maintain,https://placekitten.com/900/220
2435,787,never speak however,https://www.lorempixel.com/820/126
8654,788,easy war population,https://dummyimage.com/189x731
4844,789,while man practice,https://dummyimage.com/448x729
7791,790,theory well give,https://placekitten.com/852/995
7145,791,audience nature sound,https://placeimg.com/897/35/any
2529,792,generation memory ahead,https://placekitten.com/595/819
1610,793,off training return,https://www.lorempixel.com/571/132
9778,794,address president benefit,https://www.lorempixel.com/683/227
8774,795,any certain politics,https://placeimg.com/906/471/any
2052,796,else hard card,https://placeimg.com/809/740/any
8586,797,animal American least,https://dummyimage.com/80x34
5764,798,speak future note,https://www.lorempixel.com/519/584
3378,799,also act star,https://placekitten.com/913/203
8392,800,soldier baby cell,https://placekitten.com/964/775
3672,801,speak speech fast,https://placeimg.com/797/512/any
5292,802,decade surface effort,https://placekitten.com/118/925
5995,803,evidence decision evening,https://placekitten.com/812/36
9956,804,before and artist,https://placeimg.com/1003/481/any
9795,805,blue public owner,https://placeimg.com/912/694/any
2491,806,huge part situation,https://www.lorempixel.com/519/635
8742,807,my however system,https://placekitten.com/44/623
1012,808,sea leave by,https://dummyimage.com/52x222
2718,809,leader common risk,https://dummyimage.com/674x827
2292,810,right analysis already,https://placeimg.com/380/773/any
5474,811,increase for tonight,https://placeimg.com/187/95/any
2268,812,rest exactly allow,https://placeimg.com/996/557/any
8423,813,agreement production himself,https://www.lorempixel.com/1/815
6293,814,teacher choice real,https://placekitten.com/781/851
7408,815,even find total,https://placeimg.com/838/164/any
5663,816,out lawyer fill,https://www.lorempixel.com/702/470
7749,817,indicate over threat,https://placeimg.com/193/806/any
429,818,teach station peace,https://placekitten.com/960/290
7851,819,good job small,https://www.lorempixel.com/80/1023
2411,820,admit Mr body,https://placekitten.com/704/535
8645,821,company clearly itself,https://dummyimage.com/765x925
9825,822,talk trial we,https://placekitten.com/179/454
4522,823,word idea go,https://dummyimage.com/387x246
5199,824,page participant answer,https://www.lorempixel.com/615/478
2393,825,executive believe plant,https://placekitten.com/238/891
5384,826,conference general visit,https://placeimg.com/803/471/any
8146,827,adult edge tough,https://www.lorempixel.com/35/633
2911,828,notice operation like,https://placeimg.com/930/230/any
8407,829,space policy figure,https://dummyimage.com/737x394
1603,830,worry product sometimes,https://placeimg.com/279/807/any
4625,831,her prepare actually,https://placeimg.com/59/190/any
7497,832,minute go federal,https://dummyimage.com/236x135
2555,833,create write my,https://placeimg.com/453/701/any
6451,834,manage collection garden,https://dummyimage.com/420x884
3755,835,his short senior,https://placeimg.com/50/471/any
2616,836,approach drive find,https://placekitten.com/894/53
4968,837,set per up,https://dummyimage.com/91x80
620,838,must why especially,https://dummyimage.com/871x147
7257,839,involve where its,https://dummyimage.com/933x278
680,840,indeed tend like,https://placekitten.com/122/860
8355,841,agency camera tend,https://placeimg.com/186/902/any
2287,842,growth market power,https://www.lorempixel.com/655/1021
9735,843,training hand federal,https://placekitten.com/335/716
7835,844,product because campaign,https://placeimg.com/92/784/any
7515,845,loss fast over,https://placekitten.com/109/88
4243,846,bank finish meet,https://placekitten.com/214/992
7660,847,Mr face special,https://placeimg.com/241/39/any
1759,848,mind exactly good,https://www.lorempixel.com/664/521
3942,849,sister police space,https://placeimg.com/598/147/any
5563,850,few sing nor,https://placeimg.com/813/920/any
6429,851,century political size,https://placekitten.com/395/121
5103,852,manage determine next,https://www.lorempixel.com/448/183
9003,853,especially seem change,https://placekitten.com/376/836
8610,854,stand despite middle,https://dummyimage.com/22x742
9649,855,third career ahead,https://placekitten.com/857/1011
7158,856,rule to soldier,https://dummyimage.com/862x157
3646,857,the local senior,https://dummyimage.com/878x992
5363,858,stuff democratic well,https://www.lorempixel.com/69/9
5831,859,pressure view someone,https://placeimg.com/328/1011/any
7975,860,subject fly condition,https://placeimg.com/195/879/any
4800,861,guy well will,https://dummyimage.com/415x965
2822,862,feeling find analysis,https://placeimg.com/369/778/any
3217,863,ago sit want,https://dummyimage.com/882x475
1390,864,easy state difference,https://placeimg.com/737/404/any
1352,865,throughout month choose,https://dummyimage.com/23x311
5199,866,really seat treatment,https://placekitten.com/963/342
3284,867,can nor resource,https://dummyimage.com/494x30
3234,868,usually happen blood,https://www.lorempixel.com/102/56
2547,869,Mrs war manage,https://dummyimage.com/936x663
4248,870,care picture painting,https://www.lorempixel.com/767/762
2386,871,year our bill,https://www.lorempixel.com/655/87
2639,872,story president we,https://dummyimage.com/317x183
9494,873,against hotel feeling,https://placekitten.com/1003/853
5541,874,final if role,https://placeimg.com/375/395/any
4892,875,rock west teacher,https://www.lorempixel.com/29/557
3234,876,great edge can,https://placeimg.com/521/177/any
8924,877,take under budget,https://www.lorempixel.com/846/442
8724,878,tonight ability late,https://dummyimage.com/998x377
1689,879,upon bill firm,https://www.lorempixel.com/870/39
3367,880,dark only lose,https://placeimg.com/646/801/any
7505,881,possible success require,https://dummyimage.com/727x757
1469,882,figure maybe speak,https://placeimg.com/121/752/any
737,883,concern other ago,https://www.lorempixel.com/243/872
6846,884,artist reflect require,https://placekitten.com/326/840
9229,885,staff thousand still,https://www.lorempixel.com/646/559
2418,886,hold throughout hour,https://www.lorempixel.com/51/671
2457,887,last pick instead,https://www.lorempixel.com/520/396
3303,888,else card clear,https://placekitten.com/183/545
1897,889,thing task religious,https://placekitten.com/795/279
4950,890,lot account professor,https://www.lorempixel.com/98/927
7327,891,reason popular seek,https://placekitten.com/754/37
5071,892,economic maybe we,https://placekitten.com/265/588
8326,893,free debate probably,https://placekitten.com/886/38
3055,894,woman civil hope,https://www.lorempixel.com/508/685
2635,895,give economic account,https://placekitten.com/45/843
8367,896,couple news foreign,https://placeimg.com/929/843/any
7353,897,ok brother other,https://placekitten.com/426/344
7512,898,learn we risk,https://placeimg.com/981/799/any
8112,899,option support ahead,https://placekitten.com/898/740
2034,900,treat question enter,https://placeimg.com/197/811/any
8862,901,question but space,https://placeimg.com/607/812/any
4873,902,fact size relate,https://dummyimage.com/1023x783
4862,903,interview behavior always,https://dummyimage.com/345x384
5224,904,including person work,https://placeimg.com/191/695/any
402,905,behavior society include,https://dummyimage.com/35x111
7435,906,still believe but,https://placekitten.com/980/228
6750,907,room one before,https://dummyimage.com/540x398
913,908,list wait most,https://placekitten.com/986/221
6362,909,authority investment talk,https://dummyimage.com/2x195
1854,910,space live center,https://placekitten.com/821/877
6699,911,half send hundred,https://placekitten.com/745/610
8797,912,since recently score,https://dummyimage.com/340x163
3612,913,art similar direction,https://placekitten.com/244/114
4096,914,control around as,https://www.lorempixel.com/486/448
5465,915,PM piece view,https://www.lorempixel.com/969/519
3323,916,particular total central,https://dummyimage.com/917x842
7172,917,five person piece,https://placeimg.com/385/239/any
3074,918,door be shoulder,https://placekitten.com/512/134
2205,919,voice candidate experience,https://dummyimage.com/287x156
2029,920,save remember feel,https://placeimg.com/814/503/any
7909,921,idea power hope,https://placeimg.com/413/292/any
7254,922,anyone minute quality,https://www.lorempixel.com/762/154
1274,923,where energy thank,https://dummyimage.com/497x659
722,924,beyond during skill,https://www.lorempixel.com/818/284
6073,925,wish coach provide,https://placeimg.com/347/657/any
6190,926,manage I finally,https://www.lorempixel.com/70/256
5391,927,debate three I,https://dummyimage.com/620x750
7611,928,military new job,https://placekitten.com/142/112
4649,929,upon time represent,https://placekitten.com/634/797
8692,930,open performance field,https://placeimg.com/612/963/any
6310,931,exactly approach teacher,https://placeimg.com/769/593/any
9056,932,agency simply development,https://placeimg.com/865/279/any
273,933,language range total,https://dummyimage.com/973x23
5267,934,store reveal mind,https://dummyimage.com/234x399
6174,935,over happy listen,https://dummyimage.com/779x181
8161,936,us turn anyone,https://www.lorempixel.com/799/420
700,937,show drop cultural,https://www.lorempixel.com/155/203
6733,938,big money effect,https://placekitten.com/847/893
6037,939,face hit data,https://placekitten.com/331/625
959,940,join despite this,https://www.lorempixel.com/541/184
7093,941,born marriage remain,https://placekitten.com/348/156
1074,942,account when reason,https://placekitten.com/449/649
7751,943,group throughout watch,https://placekitten.com/614/137
4832,944,activity responsibility today,https://placeimg.com/133/697/any
8595,945,about hot sister,https://placeimg.com/527/444/any
2305,946,major order find,https://placeimg.com/239/623/any
114,947,front sometimes may,https://placeimg.com/191/702/any
204,948,get design they,https://placeimg.com/266/658/any
2012,949,card beautiful moment,https://dummyimage.com/668x572
4988,950,foot about fire,https://www.lorempixel.com/956/35
5188,951,although away evening,https://dummyimage.com/73x470
7397,952,single also reach,https://placeimg.com/71/834/any
4264,953,news middle recognize,https://www.lorempixel.com/598/915
3853,954,across happen work,https://placekitten.com/990/226
2476,955,message defense piece,https://placekitten.com/459/268
3713,956,six right light,https://www.lorempixel.com/538/572
3011,957,choice expect act,https://placeimg.com/745/338/any
6377,958,television report economy,https://www.lorempixel.com/858/271
433,959,parent cell debate,https://placeimg.com/370/307/any
591,960,actually forward itself,https://www.lorempixel.com/580/819
8754,961,dog hope include,https://www.lorempixel.com/291/340
1998,962,positive piece every,https://placeimg.com/747/42/any
2001,963,along explain cold,https://dummyimage.com/698x291
1088,964,option trade treat,https://placekitten.com/685/691
2382,965,mean financial hard,https://www.lorempixel.com/392/735
130,966,area a treatment,https://placeimg.com/596/221/any
4897,967,common just dog,https://placeimg.com/878/969/any
2025,968,six plant like,https://placekitten.com/963/589
7921,969,similar standard feel,https://placekitten.com/785/1024
2622,970,card remain we,https://www.lorempixel.com/380/699
1437,971,thing hit whose,https://placekitten.com/898/65
3587,972,feel fine every,https://placekitten.com/633/917
2332,973,catch activity door,https://placekitten.com/692/862
5490,974,interesting range certainly,https://dummyimage.com/308x163
2783,975,far president garden,https://dummyimage.com/401x227
6071,976,executive rest great,https://placeimg.com/171/439/any
4098,977,degree decade really,https://dummyimage.com/670x431
9048,978,rather lead hear,https://placekitten.com/696/295
790,979,forward memory also,https://www.lorempixel.com/849/813
9561,980,citizen religious several,https://www.lorempixel.com/552/544
9485,981,reason resource reduce,https://dummyimage.com/875x813
4742,982,turn national with,https://www.lorempixel.com/810/797
1302,983,need quickly model,https://placeimg.com/582/194/any
8404,984,fall reflect off,https://placeimg.com/912/394/any
5957,985,film increase everything,https://placeimg.com/1001/489/any
728,986,who mission rise,https://placeimg.com/98/353/any
446,987,poor life sister,https://placekitten.com/200/871
9880,988,rock view interview,https://dummyimage.com/486x775
5753,989,good suffer left,https://placeimg.com/575/421/any
4022,990,full site talk,https://placeimg.com/93/168/any
448,991,general unit issue,https://www.lorempixel.com/28/545
9414,992,somebody protect local,https://placeimg.com/36/791/any
5736,993,natural or safe,https://dummyimage.com/524x953
5748,994,already main board,https://www.lorempixel.com/723/101
7885,995,type cut black,https://dummyimage.com/352x984
7979,996,modern question attorney,https://www.lorempixel.com/877/310
8399,997,wear modern enough,https://placeimg.com/241/326/any
9044,998,skin claim outside,https://www.lorempixel.com/519/781
2330,999,compare continue move,https://placeimg.com/736/942/any
4712,1000,order receive second,https://placekitten.com/81/719
