1,Darlene Lewis,22
2,Miss Catherine English PhD,46
3,Matthew Shepard,28
4,Robert Shea,42
5,Brooke White,62
6,Emily Garcia,58
7,Miguel Jones,45
8,Christy Knox,44
9,Craig Rowe,69
10,James Lewis,65
11,Angela Luna,24
12,Jose Baldwin,69
13,Susan Miller,43
14,Thomas Carpenter,70
15,Miss Hannah Malone,61
16,Mr. Thomas Jones,54
17,Billy Ellis,49
18,Shawn Howe,70
19,Frank Bryan,40
20,Arthur Wallace,58
21,Amber Rodriguez,22
22,Brenda Shaw,40
23,Sandra Hernandez,51
24,Andrew Taylor,53
25,Sarah Stone,60
26,Lisa Carpenter,43
27,Andrea Ruiz,62
28,Jenna Russell,65
29,Jordan Meyer,56
30,Kara Blackburn,60
31,Melissa Hunter,62
32,Samuel Perkins,30
33,Mark Pollard,46
34,Julia Farley,20
35,Michael Bowen,25
36,Cynthia Dyer,25
37,Jonathan Berry,29
38,Rachel Anderson,29
39,Kimberly Buck,28
40,Robert Walker,23
41,Matthew Phillips,52
42,Matthew Johnson,46
43,Beverly Young,43
44,Julie Rodriguez,50
45,Kenneth Rose,19
46,Benjamin Olsen,30
47,Tina Hunt,67
48,Mrs. Valerie Hines MD,28
49,Gregory Hill,38
50,Maria Campbell,49
51,John Sandoval,26
52,David Green,52
53,Caleb Baxter,34
54,Tracy Meyers,69
55,Michelle Brown,54
56,Sheila Walton,55
57,Daniel Adams,63
58,Sarah Black,23
59,Chase Williams,33
60,Steven Smith,33
61,Kristi Reynolds,36
62,Christopher Rhodes,60
63,Gabrielle Price,45
64,Mark Wilcox,41
65,Kendra Morgan,53
66,Melanie Vega,30
67,Wendy Jones,70
68,Jeffrey Ponce,22
69,David Poole,45
70,Natasha Miller,39
71,Ashley Williams,35
72,Brittany Haas,41
73,Robert Richmond,34
74,Brittany Day,48
75,Gina Knight,35
76,Jason Morales,38
77,Sabrina Sims,62
78,Trevor Miller,52
79,Kristi Dodson,18
80,Justin Brown,47
81,Justin Norris,42
82,Jennifer Morris,45
83,Cassandra Reynolds,43
84,Jennifer Woods,67
85,Paige Warner,58
86,Misty Scott,28
87,Charles Brooks,47
88,Amy Padilla,18
89,Thomas Ryan,30
90,Joseph Collier,24
91,Mitchell Fields,26
92,Chad Vargas,44
93,Margaret Crawford,44
94,Leslie Ramos,61
95,Scott Hancock,35
96,Kevin Mendoza,28
97,Michael Kirby,40
98,Henry Myers,43
99,Chelsea Hubbard,24
100,Trevor Soto,19
101,Frank Cook,25
102,Kevin Bowman,36
103,Andrew Braun,42
104,April Day,24
105,William Bell,59
106,Amanda Garcia,25
107,Ashley Brown,67
108,Caleb Gay,18
109,Brandon Middleton,39
110,Stephanie Smith,38
111,Jennifer Carter,44
112,Jonathan Hawkins,55
113,Jeffrey Johnson,40
114,Dr. David Branch,70
115,Michael Phelps,70
116,Shane Walker,32
117,David Walls,36
118,Tyler Lynch,42
119,Richard Brown,46
120,Lisa Allen,59
121,Daniel Alvarez,48
122,Christopher Harris,44
123,Douglas Hamilton,68
124,Sandra Barber,43
125,William Walker,38
126,Kimberly Jones,51
127,Jack Vazquez,34
128,Teresa Gomez,65
129,Alan Luna DVM,44
130,Joseph Watson,49
131,Jamie Campbell,44
132,Ashley Andrews,55
133,Barbara Smith,34
134,Jeanette Hernandez,37
135,Danielle Strong,68
136,Matthew Phillips,65
137,Michael Wilson MD,42
138,Angela Fleming,70
139,Steven Hamilton,67
140,Melanie Payne,55
141,Stephanie Rogers,29
142,Samantha Hill,67
143,Diana Conrad,41
144,Darren Farley,54
145,Briana Cook,32
146,Lucas Edwards,70
147,Paul Thomas,65
148,Andrew Hinton,68
149,Michael Powell,43
150,David Mcconnell,53
151,Shannon Foster,45
152,Bryan Gilbert,52
153,Sally Sullivan,51
154,Gerald Williams,24
155,Manuel Meyer,18
156,Jack White,21
157,Michelle Simpson,32
158,Elizabeth Johns,24
159,Frank Austin,20
160,Jacqueline Spencer,48
161,Angel Smith III,51
162,Mark Scott,40
163,Jonathan Banks,65
164,Michael Ferguson,63
165,Dennis Torres,55
166,Christopher Carter,30
167,Terri Chase,67
168,Joshua Hudson PhD,32
169,Thomas Gregory,26
170,Dana Weaver,27
171,Toni Hunt,19
172,Christina Pratt,63
173,David Rollins,60
174,Michael Marsh,53
175,Kristen Thompson,39
176,Courtney Sheppard,27
177,David Jones,43
178,Brent Guerrero,62
179,Jessica Parker,36
180,Holly Vargas,38
181,Joshua Duran,24
182,Hannah Morris,27
183,Stephanie Ford,26
184,Juan Johnson,27
185,Andrew Williams,40
186,Michael Howell DVM,30
187,Justin Avila,34
188,Robin Huffman,34
189,Teresa Pitts,20
190,Misty Rodriguez,22
191,Daniel Carpenter,35
192,Nicole Mitchell,45
193,Ronald Rogers,51
194,Christina Smith,23
195,Adam Strong,45
196,Angel Carroll,35
197,Jacqueline Wilson,46
198,Mrs. Toni Manning,33
199,Donna Whitehead,29
200,James Wolf,62
201,Theresa Murphy,20
202,Ashley Cole,60
203,Steven Calhoun,35
204,Max Pittman,40
205,Ann Alexander,63
206,Sarah Fitzgerald,65
207,Linda Williams,20
208,Destiny Webb,61
209,David Gutierrez,60
210,Jordan Stanley,42
211,Robert Davis,23
212,Jesse Watts,51
213,Devon Wallace,64
214,Austin Hill,27
215,Dean Knapp,47
216,Jennifer Perkins,45
217,Scott Martin,33
218,Charles Mitchell,55
219,Katelyn Jones,35
220,Michael Johnson,18
221,Sharon Rogers,41
222,Sara Green,19
223,Kathryn James,28
224,Dawn Chen,19
225,Chad Garner,69
226,Kenneth Richardson,33
227,Derek Spears,28
228,Erica Rivera,57
229,Mrs. Tracy Garner,30
230,Brenda Howe,45
231,Amy Riggs,23
232,Kathy Martinez,57
233,Aaron Cooper,28
234,John Sampson,32
235,Zachary Golden,41
236,Johnathan Hernandez,61
237,Andrew Nelson,21
238,David Johnson,30
239,Joseph Horne,23
240,Kevin Jackson,26
241,Nicholas Roberts,27
242,Heather Ford,58
243,Tanya Williams,59
244,Danielle Henry,38
245,Elizabeth Stafford,33
246,Thomas Davies,47
247,James Wu,53
248,Bonnie Sellers,63
249,Amanda Moore,46
250,James Lewis,22
251,Paige Carroll,54
252,Matthew Robinson,34
253,Tammy Jackson,67
254,Mark Morales,54
255,Darlene Parks,29
256,Julian Newton,18
257,Nancy Nelson,66
258,Peter Hayes,44
259,Christopher Hansen,44
260,Antonio Jones,18
261,Manuel Spencer,33
262,Melinda Nunez,68
263,Linda Hayes,39
264,Douglas Oneal,38
265,Zachary Callahan,65
266,Kathleen Spence,29
267,Jordan Rogers,21
268,Ashley Romero,40
269,Michael Morrow,54
270,Stephanie Palmer,54
271,Robert Murphy,63
272,Elizabeth Pearson,38
273,Susan Ruiz,61
274,Shawn Shaffer,60
275,Melissa Kim,55
276,Eileen Thomas,26
277,Vicki Morgan,19
278,Ashley Mcdaniel,40
279,Linda Jackson,30
280,Tara Benjamin,43
281,Stephanie Newman,29
282,Sherry Khan,36
283,Kathryn Young,39
284,Robin Ward,59
285,Kimberly Matthews,50
286,Priscilla Smith,55
287,Paul Martinez,26
288,Emily Alexander,67
289,Brian Preston,29
290,Yolanda Powell,35
291,Elizabeth Gregory,39
292,James Wright,45
293,Bradley Jordan,47
294,Katherine Taylor,67
295,Nicole Hernandez,46
296,Derek Edwards,32
297,Joseph Harrison,66
298,Dustin Cruz,57
299,David Calderon,50
300,Brent Moran,55
301,Jeffrey Hernandez,39
302,Kimberly Malone,66
303,Mindy Carter,28
304,Daniel Buchanan,70
305,Erik Daniel,47
306,Jessica Williams,65
307,Matthew Harris,52
308,Michael Ramirez,45
309,Anthony Cunningham,41
310,Benjamin Waters,53
311,Alexis Smith,36
312,Suzanne Wright,27
313,Rodney Hayes,67
314,Laura Lamb,41
315,Jeffrey Sellers,61
316,Eric Oconnor,54
317,Deanna Williams,61
318,Yolanda Moreno,57
319,Edward Perkins,31
320,Lisa Prince,48
321,Kristopher Davis,44
322,Elizabeth Chen,20
323,Christine Blankenship,52
324,Jessica Wells,27
325,Garrett Simmons,66
326,Sharon Knight,55
327,Alyssa Bailey,26
328,Alison Vasquez,19
329,Francisco Parsons,37
330,Matthew Dawson,33
331,Brent Grant,31
332,Jennifer Brown,47
333,Thomas Rice,59
334,Chad Zhang,41
335,Denise Owen,32
336,Renee Brock,60
337,Isabella Weaver,39
338,Brian Cooke,42
339,Jennifer Moody,67
340,Joseph Wright,60
341,Andrea Rodriguez,59
342,Raymond Black Jr.,50
343,Joseph Weaver,68
344,Jesse Simpson,44
345,Virginia Duncan,21
346,Jennifer Campbell,39
347,William Bates,19
348,Ms. Lisa Perry,20
349,Christopher Taylor,33
350,Angela Coleman,47
351,Nicole Tran,23
352,Lisa Welch,18
353,Barbara Cantrell,19
354,Marissa Coleman,67
355,Charles Patterson,30
356,Kathryn Watson,34
357,Robert Hawkins,56
358,Mr. Tony Davis,67
359,Catherine Quinn,35
360,Jennifer Gill,50
361,Charles Holder,49
362,Russell Baker,30
363,Thomas Chapman,45
364,Diane Edwards,58
365,Daniel Church,69
366,Nicole Higgins,62
367,Monica Yang,36
368,Lindsay Johnston,34
369,Samantha Cole,60
370,Kenneth Davis,66
371,Sydney Rogers,54
372,Michael Santana,41
373,Joshua Mooney,46
374,Elijah Flores,38
375,Jordan Clark,38
376,Hannah Smith,58
377,Stephanie Powell,48
378,Anthony Velazquez,41
379,Thomas Wallace,68
380,Ann Wells,44
381,Billy Ellis,56
382,Justin Randall,21
383,Timothy Meadows,47
384,John Clark,24
385,Robert Williams,51
386,Dr. Jenny Johnston,21
387,Kathleen Kim,31
388,Haley Mack,21
389,Jesus York,23
390,Mckenzie Rodriguez,33
391,Candace Williams,23
392,Roger Palmer,42
393,Anita Weaver,29
394,Kelsey Jackson,50
395,George Lozano,19
396,Sarah Perez,34
397,Hannah Gray,70
398,Beth Smith,57
399,Alexis Blair,21
400,Mrs. Debra Edwards,34
401,Scott Roberson,64
402,Christopher Robles PhD,69
403,Micheal Anderson,49
404,Tara Frey,69
405,Robert Adkins,58
406,Amanda Hess,20
407,Jason Hutchinson,36
408,Scott Bennett,37
409,Amanda Harris,53
410,David Moore,38
411,Yvonne Hall,35
412,Joshua Stanley,70
413,Christopher Rios,36
414,Alexander Fuller,54
415,Matthew Elliott,30
416,Scott Lane,64
417,Roberta Taylor,39
418,Peter Adams,36
419,Lisa Jones,18
420,Jacob Stanley,61
421,Danielle Stanley,70
422,David White,59
423,Leroy Lopez,23
424,John Williamson,24
425,Rebecca Wagner,57
426,Kelly Carter,30
427,Lauren Scott,58
428,Trevor Williams,37
429,Larry Jackson,67
430,Jacob Norman,18
431,Matthew Johnson,35
432,David Hebert,18
433,Zachary Nelson,53
434,Kim Robinson,32
435,Erica Jones,34
436,Grace Sanchez,54
437,Richard Ramirez,35
438,Mrs. Kristen Little,68
439,Tyler Graves,42
440,Michael Newton,33
441,Christopher Banks,24
442,Thomas Morrison,30
443,Angelica Brown,61
444,Mr. Steven Bell,27
445,Dana Wells,22
446,Janet Friedman,18
447,Christopher Rios,67
448,Steven Coleman,47
449,Christina Hernandez,63
450,Rebecca Hartman,22
451,Richard Diaz,58
452,Paula Walker,18
453,Stephen Stewart MD,40
454,Kayla Taylor,40
455,Joseph Lamb,60
456,Tara King,66
457,Mr. Christopher Russo,26
458,Heather Burke,66
459,Rebecca Brown,67
460,Collin Contreras,38
461,Dr. Kelli Wagner,46
462,Jason White,63
463,Sandy Reid,60
464,John Miles,45
465,Cody Hill,52
466,Victoria Perkins,65
467,John Norman,18
468,Kristy Martin,36
469,Ryan Andrade,20
470,Stephanie Roberts,53
471,Carl Deleon,55
472,Jennifer Davis,50
473,Haley Hayes,49
474,Ms. Katherine Wong DDS,36
475,Corey Turner,53
476,Michael Suarez,29
477,John Lee,62
478,Barry Cordova,65
479,Heidi Barker,28
480,Jesus Miller Jr.,58
481,Julia Frey,34
482,Kara Ward,21
483,Michael Parrish,50
484,Stephanie Le,68
485,Daniel Poole,40
486,Steven Faulkner,45
487,Douglas Lamb,30
488,Ashley Ellis,35
489,Rodney Newman,39
490,Michael Simmons,60
491,Ian Rose,44
492,Tricia Fox,42
493,Gail Davis,19
494,Jesus Stewart,57
495,Tracey Clark,56
496,Lisa Smith,34
497,Kimberly Alexander,45
498,Deborah Adams,20
499,Anthony Parker,45
500,Patrick Knight,53
501,Daniel Williams,50
502,Elizabeth Phillips,40
503,John Bass,59
504,Colin Morales,51
505,Ms. Angela Mccarty,24
506,Dawn Hopkins,32
507,Allison Parker,68
508,Francisco Padilla,54
509,Patty Armstrong DVM,66
510,Jeffery Allison,51
511,Jessica Johnson,34
512,Jerome Hernandez,58
513,Christopher Jones,42
514,Veronica Colon,18
515,Andrew Greer,55
516,Edgar Swanson,55
517,Vanessa Wilson,55
518,Jonathan Francis,25
519,Joshua Russell,54
520,Bill Aguilar,68
521,Kevin Perez,70
522,Megan Mcdaniel,21
523,Steven Norris,37
524,Kristen Kline,69
525,Virginia Perez,36
526,Zachary Meyers,26
527,Edward Newman,25
528,Brian Johnson,47
529,Jacob Griffin,62
530,Madison Brown,27
531,Jeffrey Johnson,24
532,Tara Gallagher,58
533,Alexander Greer,46
534,Diane Smith,45
535,David Smith,34
536,John Martin,40
537,Nicole Montgomery,58
538,Adrian Harvey,28
539,Brett Bright,60
540,Lori Norris,66
541,Jason Thomas,58
542,Mark Morrow,54
543,Kelsey Frank,70
544,Andrew Daniels,19
545,Natalie Wilson,26
546,Brad Brown,18
547,Paige Smith,26
548,Michelle Cole,39
549,Lindsay Henry DDS,41
550,Kenneth Jones,58
551,John Sherman,69
552,Brianna Baker,70
553,Jeffrey Pruitt,29
554,Andrew Duke,57
555,Michele Hanson,59
556,Stephen King,36
557,George Blake,28
558,Alexis Flores,28
559,Andrew Brooks,69
560,Sierra Eaton,60
561,Mark Berger,70
562,Megan Dunn,33
563,Vanessa Morris,20
564,Jeremy Rodgers,66
565,Michael Johnson,27
566,James Harris,63
567,Lauren Estes,38
568,Robert Garcia,28
569,Christina Chaney,28
570,Paula Vincent DVM,44
571,John Hernandez,64
572,Brandon Blake,41
573,Rachel Jordan,28
574,Christie Mason,39
575,Robert Townsend,65
576,Richard Swanson,21
577,Dustin Bowen,28
578,Jake Anderson,29
579,Dawn Tran,58
580,David Alvarez,56
581,Lynn Roy,56
582,Terry Ortiz,61
583,Rick Delgado,68
584,Joshua Conrad,27
585,Kimberly Johnson,44
586,Cynthia Chang,49
587,Joe Hart,33
588,Daniel Gates,31
589,Rachael Navarro,26
590,Kerry Jones,58
591,Darren Greene,27
592,Michele Jones,60
593,Shannon Bailey,27
594,Sean Pruitt,39
595,Andrew Hill,66
596,Brittany Valentine,64
597,Cody Lopez,34
598,Diane Jennings,42
599,Christina Ward,22
600,Christopher Smith,55
601,Michael Harmon,65
602,Judith Collins,47
603,Sheila Alvarez,32
604,Kaitlyn Oconnor,33
605,Steven Kelly,24
606,Teresa Mccormick,23
607,Jeremy Warren,18
608,Shannon Golden,36
609,Katelyn Greene,34
610,Kaitlyn Phillips,26
611,Javier Castro,43
612,Vincent Bennett,24
613,Terry Brewer,30
614,Jordan Foster,19
615,Linda Patel,23
616,Andrew Haley,21
617,Cameron Dixon,62
618,Douglas Williams,67
619,Taylor Lewis,31
620,Brandi Odonnell,31
621,Peter Greene,28
622,Emily Chen,64
623,Christopher Goodwin,55
624,David Turner,46
625,Michelle Vaughn,54
626,Michael Robinson,25
627,David Davis,57
628,Jeremy Conley,62
629,Rhonda Dyer,62
630,Dave Kelly,62
631,Donald Moore,69
632,Aaron Bennett,58
633,James Lloyd,63
634,Nicholas Jennings,31
635,Taylor Mclaughlin,62
636,Betty Chambers,22
637,John Bennett,45
638,Andrew Marquez,39
639,Nicholas Suarez,44
640,John Williams,64
641,Alexandria Lawson,27
642,Brittany Huerta,49
643,Richard Savage,46
644,Sheri Boyer,45
645,Andrew Anderson,58
646,Dylan Aguilar,28
647,Sara Bass,42
648,Jennifer Cross,66
649,Jack Solis,66
650,Danielle Garcia,45
651,Samantha Williams MD,52
652,Stephen Rich,52
653,Mackenzie Fisher,56
654,Robert Fitzpatrick,60
655,Gary Smith,26
656,Justin Esparza,30
657,Robin Garrett,60
658,Joel Wheeler,41
659,William White,33
660,Mrs. Michelle Carter MD,23
661,Stacey Rodriguez,66
662,Marissa Valenzuela,60
663,Michael Howe,39
664,Jenny Chavez,66
665,Jessica Hill,54
666,Cynthia Vaughn,38
667,Joseph Burton PhD,49
668,Dylan Manning,27
669,Robert Nelson,47
670,Steven Sanford,69
671,Derek Aguilar,70
672,Julie Merritt,64
673,Debra Miller,18
674,Mrs. Jennifer Dougherty,50
675,Manuel Acevedo,32
676,Rebecca Meza,45
677,Daniel Collins,67
678,Jamie Mejia,54
679,Frederick Sullivan,51
680,Natalie Morgan,45
681,Julie Olson,34
682,Charles Stone,31
683,Anthony Alexander,18
684,Michael Chandler,58
685,Andrea Richardson,20
686,Erik Moore,31
687,Dalton Morrow,63
688,Kurt Andrews,20
689,Brian Snow,49
690,Joyce Ortega,24
691,Mr. Tony King,41
692,Ruben Lloyd,23
693,Matthew Holland,18
694,Victoria Edwards,37
695,Danielle Harvey,70
696,Anna Marquez,59
697,Susan Alexander,65
698,Jennifer Schwartz,23
699,Joseph Joseph,66
700,Monica Parks,61
701,Andrew Lewis,57
702,Holly Shelton,59
703,Alejandro Spencer,27
704,Seth Lucero,36
705,Zachary Moore,66
706,Cory Johnson,66
707,Kristin Bartlett,61
708,Erica Miranda,57
709,Max Marshall,31
710,Kari Livingston,49
711,Karen Goodwin,28
712,Kelly Norton,23
713,Tonya Haley,36
714,Vickie Joyce,35
715,Mrs. Janice Black,30
716,Michael Davis,61
717,Benjamin Zimmerman,32
718,Linda Barrett,39
719,Joshua Marquez,18
720,Nicole Greene,47
721,Andrew Ramirez,41
722,Doris Burns,42
723,Alan Hernandez,63
724,Troy Foley,59
725,Joshua Cortez,50
726,Paul Hall,24
727,James Fitzgerald,53
728,Sharon Hall,23
729,Susan Stewart,27
730,Robert Harris,60
731,Riley Martin,68
732,Natalie Burns,63
733,Edward Hernandez,18
734,Kathleen Gomez,56
735,Scott Miller,49
736,Paul Davis,61
737,Manuel Mckenzie,55
738,Patrick Mccoy,19
739,Yesenia Fields,30
740,Dana Bailey,37
741,Victoria Hines,21
742,Sarah Carpenter,57
743,Michael Small,34
744,Joshua Allen,23
745,Kim Rodriguez,54
746,Steven Schmidt,22
747,Noah Thompson,38
748,Dean Allen,56
749,Travis Luna,33
750,Jennifer Ware,50
751,James Reid,29
752,Aaron Ferguson,44
753,Kevin Walsh,20
754,Jessica Ward,38
755,Beth Johnson,37
756,Leah Young,62
757,Veronica Olson,66
758,Felicia Schultz,62
759,Matthew Bennett,19
760,Teresa Smith,42
761,Kimberly Mcdonald,49
762,Frederick Owens,28
763,Chad Martin,61
764,Maria Ayala,49
765,Jeffery Flores,68
766,Melissa Nunez,58
767,Dorothy Long,19
768,Sara Chen,33
769,Haley Moon,41
770,Miguel Tanner,54
771,Kathryn Alvarez,58
772,Javier Woods,51
773,Amanda Wright,48
774,Stephen Miller,52
775,Rebecca Nelson,63
776,Kevin Young,43
777,Steven Phillips,28
778,John Jones,66
779,Michaela Garcia,46
780,Casey Suarez,19
781,Joann Zimmerman,44
782,Nicole Sparks,23
783,Donna Ramos,66
784,Blake Johnson,48
785,Jessica Thomas,34
786,Rebecca Wheeler,34
787,Carrie Ramos,22
788,Kirsten White,44
789,Jamie Cooper,43
790,Morgan Ewing,31
791,Judy Blake,56
792,Paul Martin,40
793,Raymond Pearson,53
794,Mark Mendoza,21
795,Denise Knox,63
796,Eric Green,63
797,Teresa Shaffer,70
798,Mr. Marc Allen,45
799,Todd Fisher,23
800,Samuel Lutz,65
801,Shannon Mason,35
802,Kristy Johnson DVM,23
803,Scott Keller,30
804,Tiffany Vincent,41
805,Ryan Cardenas,61
806,Jeffrey Jones,49
807,Jennifer Lawson,39
808,Amanda Berger,21
809,John Gonzales,41
810,Nicholas Parker,20
811,Kathleen Cortez,49
812,Heidi Hill,68
813,Ms. Lisa Hughes DDS,31
814,Christine Lopez,69
815,Antonio Williams,41
816,Linda Martin,42
817,Jacob Jimenez,54
818,Robert Austin,59
819,Lori Clark,66
820,Daniel Gonzalez,36
821,Sandra Copeland,48
822,Kelly Jenkins,22
823,Meagan Williams,44
824,Blake Evans,63
825,Danielle Liu,48
826,Jon Johnson,48
827,Terry Andrews,38
828,Kenneth Pugh,48
829,Matthew Harvey,33
830,Jennifer Larsen,40
831,David Calhoun,26
832,James Dixon,54
833,Christian Sparks,60
834,Christine Campos,33
835,Jared Stewart,52
836,Hector Johnson,45
837,Sarah Richardson,22
838,Amanda Jones,25
839,Russell Salinas,44
840,Bailey Brown,33
841,Anna Morrison,18
842,Lisa Bush,29
843,John Bennett,37
844,Katie Chaney,39
845,Michael Mcdonald,24
846,Mary Wells,33
847,Douglas Good,24
848,Nicholas Irwin,48
849,Mr. Scott Evans,51
850,Michele Williamson,33
851,Caitlin Jones,66
852,Robert Carey,47
853,Barbara Sanchez,55
854,John Hunter,30
855,Annette Mills,47
856,Scott Hood,37
857,Joyce Boyd,35
858,Amanda Carpenter,40
859,Cheryl Maynard,51
860,Stephen Martinez,58
861,James Ramos,33
862,Carl Knox,63
863,Christopher Rodriguez,33
864,Nicholas Randolph Jr.,57
865,Christopher Oconnor,28
866,Ryan Smith,59
867,Ethan Stewart,42
868,Robert Moses,29
869,Jessica Harris,25
870,Joshua Hernandez,18
871,Michael Chambers,59
872,Jay Gibson,50
873,Timothy Henry,28
874,Jennifer Burton,55
875,Sue Smith,32
876,Andrew Davis,48
877,Jonathan Fischer,63
878,Juan Bennett,63
879,Dawn Hall,51
880,Monique Wood,45
881,Brittany Fuentes MD,33
882,Donald Simpson,30
883,David Hill,62
884,Gene Daniel,61
885,Darrell Mclaughlin,51
886,Robert Lee,22
887,Justin Griffin,33
888,Beth Elliott,61
889,Paul Ramirez,66
890,Denise Garcia MD,39
891,Edward Moore,54
892,Anthony Howell,19
893,Brandi Potter,53
894,Kevin Scott,66
895,Seth Ramos,66
896,Whitney Munoz,56
897,Michelle Bowman,46
898,Brittney Glass,21
899,Ashlee Smith,56
900,Alex Ramos,69
901,Jessica Snow,33
902,Scott Anderson,54
903,Jessica Stevens,65
904,Troy Wagner,24
905,Kim Chaney,66
906,Lindsey Strickland,49
907,Dr. Kenneth Thomas,41
908,Timothy Benitez,48
909,Charles Anderson,26
910,Chad Rivera,49
911,Felicia Garza,59
912,Zachary Franklin,32
913,Denise George,57
914,Paula Perez,25
915,Thomas Stevenson,58
916,Mrs. Amy Huffman,26
917,Brenda Cruz,26
918,Timothy Blackburn,68
919,Dylan Mcclure,43
920,Christian Morgan,27
921,Sarah Castillo,30
922,Andrew Mills,34
923,Erin Graham,40
924,Margaret Campbell,41
925,Elizabeth Mcintosh,69
926,Amanda Greene,41
927,Susan Lopez,61
928,John Myers,43
929,Lori Ramsey,66
930,Michael Oneill,33
931,Briana Rowland,23
932,Richard Ortiz,25
933,Sean Lewis,51
934,Charles Morrow,62
935,James Holland,42
936,Allison French,28
937,Tina Cannon,20
938,Christopher Fry,19
939,Garrett Hayes,60
940,Molly Bishop,63
941,Justin Johnston,42
942,Jacqueline Lopez,40
943,Victoria Perez,61
944,Ashley Oneill,62
945,Cody Holloway,67
946,Stephanie Carroll,34
947,Claudia Arroyo,51
948,Joel Anderson,26
949,Timothy Wilson,36
950,Tracy Peterson,66
951,Richard Malone,30
952,Joe Turner,58
953,Bailey Humphrey,24
954,Lisa Singleton,69
955,Mary Johnson,59
956,Nancy Mccullough,25
957,Kathleen Mills,46
958,Lori Ashley,39
959,David French,55
960,Philip Lee,49
961,Debbie Williams,64
962,Nicole Richard,69
963,David Perry,25
964,Olivia Gilbert,42
965,Emily Nichols,27
966,Kevin Kim,31
967,Vanessa Merritt,40
968,Bianca Howard,62
969,Michael Rubio,46
970,Kristen Mcknight,56
971,Rachel Russell,57
972,Joseph Hall,60
973,Christine Kelly,28
974,Dr. Deborah Warren,27
975,Robert Casey,67
976,Stanley Hahn,23
977,John Robertson,57
978,Jacob Turner,62
979,Michelle Peterson,26
980,Kristy Schmidt,47
981,Jennifer Campbell,30
982,Diana Ellis,62
983,Gerald Martinez,53
984,Mike Bautista,64
985,Vicki Wells,33
986,Matthew Hernandez,33
987,Traci Spence,51
988,Jonathan Warren,55
989,Sandra Herrera,41
990,Amanda Welch PhD,60
991,Matthew Jones,59
992,Peter Dickson,23
993,Erin Warren,26
994,Rebecca Cuevas,61
995,Deanna Nelson,55
996,Catherine Andrews,34
997,Robert Powell,42
998,Kevin Miller,28
999,David Harvey,18
1000,Danielle Fields,24
