clearly concern,1,1
story government,2,2
debate mention,3,3
economic age,4,4
science top,5,5
almost claim,6,6
after seek,7,7
particular face,8,8
respond cause,9,9
usually structure,10,10
forget common,11,11
if report,12,12
role paper,13,13
senior machine,14,14
alone sure,15,15
no mission,16,16
cell career,17,17
camera agreement,18,18
religious road,19,19
member professor,20,20
work from,21,21
here performance,22,22
director reflect,23,23
within tonight,24,24
involve can,25,25
better smile,26,26
federal who,27,27
owner myself,28,28
political must,29,29
future study,30,30
as growth,31,31
knowledge many,32,32
letter lead,33,33
receive guy,34,34
first image,35,35
partner coach,36,36
science power,37,37
business when,38,38
child direction,39,39
rest technology,40,40
occur single,41,41
beat street,42,42
where usually,43,43
indicate low,44,44
same worker,45,45
off station,46,46
answer fly,47,47
suggest show,48,48
standard door,49,49
president factor,50,50
charge couple,51,51
born none,52,52
tree property,53,53
their heavy,54,54
seek this,55,55
purpose relate,56,56
better leave,57,57
focus through,58,58
scene turn,59,59
eight majority,60,60
after marriage,61,61
term according,62,62
mother staff,63,63
two commercial,64,64
try discuss,65,65
officer address,66,66
skill cold,67,67
land PM,68,68
receive if,69,69
skin inside,70,70
reflect break,71,71
all sit,72,72
behind sure,73,73
finally prepare,74,74
public work,75,75
catch statement,76,76
should site,77,77
general admit,78,78
newspaper together,79,79
physical animal,80,80
day thing,81,81
red shake,82,82
late imagine,83,83
article stand,84,84
save modern,85,85
trade operation,86,86
ground base,87,87
boy alone,88,88
strategy bank,89,89
day statement,90,90
want include,91,91
party learn,92,92
hand president,93,93
field into,94,94
day husband,95,95
security leader,96,96
stand discussion,97,97
each wife,98,98
else often,99,99
field force,100,100
box beautiful,101,101
tell court,102,102
training international,103,103
mean usually,104,104
read different,105,105
item easy,106,106
catch these,107,107
child finish,108,108
past some,109,109
safe road,110,110
similar affect,111,111
new question,112,112
energy rate,113,113
wish minute,114,114
deal physical,115,115
up life,116,116
action could,117,117
support none,118,118
civil past,119,119
pass check,120,120
medical but,121,121
of performance,122,122
return hour,123,123
subject his,124,124
treatment phone,125,125
perform natural,126,126
protect total,127,127
degree dog,128,128
southern away,129,129
my truth,130,130
trip they,131,131
majority such,132,132
air probably,133,133
free model,134,134
full state,135,135
book large,136,136
success indeed,137,137
doctor interesting,138,138
when statement,139,139
may series,140,140
glass from,141,141
wrong full,142,142
go human,143,143
effect couple,144,144
sing center,145,145
with carry,146,146
interest I,147,147
this can,148,148
admit major,149,149
challenge himself,150,150
model off,151,151
image who,152,152
ability wife,153,153
base democratic,154,154
significant would,155,155
allow travel,156,156
reflect lot,157,157
president season,158,158
assume fast,159,159
effort early,160,160
nothing certain,161,161
serve improve,162,162
fight save,163,163
range Republican,164,164
these like,165,165
institution chair,166,166
listen memory,167,167
marriage tree,168,168
authority responsibility,169,169
huge more,170,170
fund call,171,171
upon subject,172,172
finally heavy,173,173
blood standard,174,174
her then,175,175
bar cover,176,176
plan home,177,177
unit concern,178,178
buy entire,179,179
participant red,180,180
anything house,181,181
exactly drug,182,182
medical audience,183,183
western here,184,184
onto hot,185,185
left all,186,186
finish hot,187,187
suggest with,188,188
lawyer region,189,189
it case,190,190
any yet,191,191
cup control,192,192
field instead,193,193
senior will,194,194
institution building,195,195
suffer consider,196,196
he everybody,197,197
few another,198,198
produce financial,199,199
quality bed,200,200
similar sport,201,201
care cover,202,202
behind fund,203,203
effort time,204,204
turn condition,205,205
see sport,206,206
live against,207,207
into anything,208,208
animal until,209,209
player eat,210,210
push able,211,211
glass tax,212,212
economy Mrs,213,213
who similar,214,214
become civil,215,215
most within,216,216
happy second,217,217
green others,218,218
avoid south,219,219
fight onto,220,220
meet poor,221,221
yard during,222,222
a from,223,223
medical son,224,224
easy remember,225,225
also my,226,226
food child,227,227
subject generation,228,228
house upon,229,229
let success,230,230
let nice,231,231
five mind,232,232
compare relate,233,233
he rest,234,234
back his,235,235
color impact,236,236
bill goal,237,237
during never,238,238
positive try,239,239
specific dream,240,240
size evening,241,241
truth nature,242,242
pull first,243,243
level over,244,244
question human,245,245
defense line,246,246
piece outside,247,247
up marriage,248,248
fight oil,249,249
choice newspaper,250,250
each effect,251,251
poor wait,252,252
question work,253,253
despite million,254,254
across money,255,255
form interesting,256,256
enough size,257,257
style organization,258,258
today account,259,259
three make,260,260
start in,261,261
field whole,262,262
history industry,263,263
letter special,264,264
red dark,265,265
town travel,266,266
station there,267,267
better follow,268,268
matter watch,269,269
interview by,270,270
company interview,271,271
several learn,272,272
by as,273,273
central school,274,274
all may,275,275
site pay,276,276
current break,277,277
your air,278,278
school dinner,279,279
leader office,280,280
trouble toward,281,281
adult plant,282,282
knowledge continue,283,283
upon understand,284,284
oil name,285,285
upon remain,286,286
nice business,287,287
listen be,288,288
into pressure,289,289
contain purpose,290,290
second either,291,291
box modern,292,292
long season,293,293
anyone hot,294,294
military small,295,295
entire sport,296,296
may street,297,297
family talk,298,298
ready which,299,299
listen authority,300,300
line likely,301,301
miss many,302,302
interesting population,303,303
late air,304,304
federal size,305,305
executive radio,306,306
head science,307,307
community fear,308,308
skin attorney,309,309
relate half,310,310
onto close,311,311
leader already,312,312
kitchen catch,313,313
white employee,314,314
member just,315,315
experience live,316,316
list investment,317,317
memory according,318,318
institution late,319,319
however daughter,320,320
stay face,321,321
local test,322,322
send mouth,323,323
father strong,324,324
church behavior,325,325
move experience,326,326
their remain,327,327
sell factor,328,328
hundred measure,329,329
to difference,330,330
trip decade,331,331
economy decade,332,332
color stand,333,333
raise myself,334,334
lose Congress,335,335
respond stand,336,336
early class,337,337
magazine exist,338,338
large already,339,339
second ten,340,340
check morning,341,341
become image,342,342
book century,343,343
affect it,344,344
bad pretty,345,345
ago paper,346,346
bring common,347,347
make might,348,348
player traditional,349,349
dark once,350,350
meeting free,351,351
thus entire,352,352
food actually,353,353
environmental majority,354,354
recognize yet,355,355
pick play,356,356
any especially,357,357
energy hold,358,358
reality easy,359,359
woman quality,360,360
water page,361,361
go card,362,362
Democrat member,363,363
after toward,364,364
begin voice,365,365
push now,366,366
as trade,367,367
contain happen,368,368
leader foot,369,369
others plan,370,370
safe development,371,371
city blood,372,372
spend health,373,373
soldier child,374,374
who catch,375,375
future power,376,376
act professor,377,377
just teach,378,378
success note,379,379
either computer,380,380
somebody begin,381,381
firm actually,382,382
general international,383,383
political ahead,384,384
author hot,385,385
believe dinner,386,386
result require,387,387
scientist learn,388,388
scientist way,389,389
learn number,390,390
strategy nice,391,391
break change,392,392
serve stay,393,393
ago century,394,394
before easy,395,395
sell everyone,396,396
all fact,397,397
financial feeling,398,398
understand among,399,399
course question,400,400
western most,401,401
never their,402,402
history everyone,403,403
perhaps almost,404,404
increase investment,405,405
story simple,406,406
window fact,407,407
unit whose,408,408
street base,409,409
two learn,410,410
describe interesting,411,411
record child,412,412
family agency,413,413
hour detail,414,414
customer tax,415,415
analysis off,416,416
present put,417,417
member reality,418,418
able remain,419,419
series seem,420,420
blue sometimes,421,421
describe physical,422,422
study down,423,423
contain especially,424,424
difference issue,425,425
value ask,426,426
country south,427,427
pretty individual,428,428
difference blood,429,429
produce radio,430,430
four discuss,431,431
behavior fill,432,432
rather phone,433,433
he ten,434,434
remember without,435,435
go spend,436,436
civil southern,437,437
knowledge book,438,438
until owner,439,439
garden hotel,440,440
call federal,441,441
society that,442,442
require include,443,443
lawyer skin,444,444
billion discussion,445,445
human human,446,446
magazine town,447,447
provide involve,448,448
every add,449,449
tree then,450,450
scientist decide,451,451
while foot,452,452
everything position,453,453
agree player,454,454
total establish,455,455
today tough,456,456
drug morning,457,457
theory under,458,458
use her,459,459
speech hard,460,460
week before,461,461
floor dog,462,462
fly bank,463,463
cause ask,464,464
conference finally,465,465
protect fly,466,466
past memory,467,467
turn study,468,468
whole party,469,469
get ok,470,470
minute at,471,471
specific drug,472,472
forget course,473,473
former month,474,474
where market,475,475
attorney option,476,476
model model,477,477
forward ability,478,478
cause material,479,479
event run,480,480
perform according,481,481
respond information,482,482
clear course,483,483
owner debate,484,484
along remember,485,485
they others,486,486
look across,487,487
four here,488,488
stand interview,489,489
away movement,490,490
help financial,491,491
live training,492,492
image staff,493,493
marriage thank,494,494
idea some,495,495
camera remain,496,496
account help,497,497
she hard,498,498
store street,499,499
analysis two,500,500
age even,501,501
nature everybody,502,502
will lay,503,503
security item,504,504
key material,505,505
blue whatever,506,506
industry market,507,507
offer fear,508,508
practice attorney,509,509
young student,510,510
coach good,511,511
deal eye,512,512
face wonder,513,513
especially create,514,514
realize public,515,515
she level,516,516
kind may,517,517
group strategy,518,518
work performance,519,519
least agency,520,520
impact subject,521,521
skill state,522,522
scene score,523,523
population while,524,524
direction join,525,525
leave as,526,526
hour second,527,527
into according,528,528
wide visit,529,529
know couple,530,530
water write,531,531
modern training,532,532
station nearly,533,533
our everybody,534,534
certainly chance,535,535
hold would,536,536
toward any,537,537
rule fear,538,538
attorney important,539,539
there none,540,540
foot education,541,541
weight deep,542,542
man stage,543,543
cell democratic,544,544
economic everything,545,545
thank outside,546,546
who whether,547,547
process simple,548,548
free wide,549,549
thus laugh,550,550
simply opportunity,551,551
dark life,552,552
street purpose,553,553
pick recent,554,554
own million,555,555
agent just,556,556
message mouth,557,557
respond baby,558,558
save place,559,559
at camera,560,560
decision century,561,561
offer only,562,562
month structure,563,563
thousand individual,564,564
reach house,565,565
leave hit,566,566
next hard,567,567
yard member,568,568
power blue,569,569
beyond oil,570,570
instead see,571,571
kind like,572,572
friend class,573,573
person debate,574,574
fill note,575,575
whose my,576,576
nature wrong,577,577
sign perform,578,578
choose woman,579,579
his within,580,580
military clearly,581,581
important past,582,582
such production,583,583
loss especially,584,584
cultural plant,585,585
note up,586,586
strong hundred,587,587
again about,588,588
cost enough,589,589
describe dog,590,590
name read,591,591
likely two,592,592
likely too,593,593
majority southern,594,594
high control,595,595
man base,596,596
couple Congress,597,597
me research,598,598
beyond present,599,599
care challenge,600,600
per thus,601,601
society popular,602,602
our picture,603,603
nature he,604,604
series full,605,605
often require,606,606
range film,607,607
he east,608,608
return become,609,609
only condition,610,610
up eat,611,611
probably dark,612,612
need though,613,613
memory entire,614,614
sell door,615,615
threat fight,616,616
nature nor,617,617
rule program,618,618
heavy just,619,619
today before,620,620
magazine heavy,621,621
turn medical,622,622
last movement,623,623
opportunity poor,624,624
and arm,625,625
finish watch,626,626
once why,627,627
paper plan,628,628
why box,629,629
possible leg,630,630
board word,631,631
first feel,632,632
second boy,633,633
son candidate,634,634
suffer activity,635,635
much box,636,636
best including,637,637
measure work,638,638
necessary assume,639,639
rate military,640,640
music physical,641,641
south clearly,642,642
girl in,643,643
child yes,644,644
address executive,645,645
development option,646,646
send agency,647,647
product citizen,648,648
better dark,649,649
actually good,650,650
upon office,651,651
good in,652,652
responsibility because,653,653
partner color,654,654
sometimes movie,655,655
management drug,656,656
these street,657,657
increase member,658,658
police school,659,659
find question,660,660
lay production,661,661
trouble than,662,662
try nearly,663,663
become able,664,664
design enter,665,665
born recently,666,666
could population,667,667
find present,668,668
middle show,669,669
stage hope,670,670
board including,671,671
response couple,672,672
station best,673,673
minute nation,674,674
dog and,675,675
player water,676,676
in energy,677,677
reach chance,678,678
wall view,679,679
top deal,680,680
politics impact,681,681
remain carry,682,682
sell air,683,683
street short,684,684
general tend,685,685
ten have,686,686
finally clear,687,687
by push,688,688
offer risk,689,689
nation hair,690,690
strategy pull,691,691
edge note,692,692
arrive democratic,693,693
cultural couple,694,694
significant gas,695,695
industry matter,696,696
establish their,697,697
future often,698,698
ability if,699,699
include face,700,700
score require,701,701
large audience,702,702
son place,703,703
trip stop,704,704
all through,705,705
finish production,706,706
middle method,707,707
their since,708,708
finally view,709,709
able policy,710,710
either international,711,711
history morning,712,712
simple by,713,713
these actually,714,714
listen deep,715,715
no where,716,716
job would,717,717
garden list,718,718
discussion vote,719,719
member produce,720,720
edge model,721,721
city office,722,722
behavior practice,723,723
air give,724,724
east audience,725,725
give under,726,726
question sort,727,727
national region,728,728
value idea,729,729
player movement,730,730
feel less,731,731
management color,732,732
plant they,733,733
leader us,734,734
growth act,735,735
responsibility traditional,736,736
bad child,737,737
rich government,738,738
offer shake,739,739
full many,740,740
local then,741,741
green against,742,742
production red,743,743
policy trial,744,744
individual suddenly,745,745
page party,746,746
record economy,747,747
anything throw,748,748
bar design,749,749
beautiful development,750,750
whose level,751,751
describe some,752,752
attorney audience,753,753
suddenly feel,754,754
give focus,755,755
finally goal,756,756
send husband,757,757
evening report,758,758
moment source,759,759
she his,760,760
reflect tree,761,761
great listen,762,762
close once,763,763
include yard,764,764
hundred for,765,765
half black,766,766
explain treat,767,767
rich forget,768,768
gun whom,769,769
story song,770,770
will everybody,771,771
keep policy,772,772
north state,773,773
time rest,774,774
effort country,775,775
story region,776,776
control morning,777,777
who believe,778,778
history why,779,779
when perhaps,780,780
behind trouble,781,781
size before,782,782
benefit thought,783,783
these gun,784,784
walk clear,785,785
behind son,786,786
pretty pay,787,787
discover share,788,788
Congress story,789,789
seven into,790,790
side show,791,791
produce market,792,792
artist collection,793,793
a one,794,794
early base,795,795
positive her,796,796
begin affect,797,797
wide catch,798,798
ability member,799,799
present national,800,800
event table,801,801
standard include,802,802
easy call,803,803
organization eight,804,804
western establish,805,805
dinner forget,806,806
writer process,807,807
heart whether,808,808
suggest change,809,809
feeling anyone,810,810
person concern,811,811
across than,812,812
religious later,813,813
finally history,814,814
south data,815,815
next more,816,816
particularly heavy,817,817
anything owner,818,818
west hand,819,819
method become,820,820
among support,821,821
five its,822,822
property take,823,823
cut soon,824,824
site player,825,825
can manage,826,826
anything serve,827,827
expert couple,828,828
about like,829,829
fill program,830,830
most hear,831,831
at call,832,832
impact natural,833,833
sort simple,834,834
arm member,835,835
after market,836,836
anything student,837,837
less opportunity,838,838
event design,839,839
fear set,840,840
care explain,841,841
point morning,842,842
also once,843,843
certain particularly,844,844
lawyer first,845,845
head behavior,846,846
grow might,847,847
glass health,848,848
serve role,849,849
collection outside,850,850
today management,851,851
network television,852,852
choice senior,853,853
simple animal,854,854
number agreement,855,855
music your,856,856
door both,857,857
century serious,858,858
member discuss,859,859
night chance,860,860
painting one,861,861
room quite,862,862
include window,863,863
development dark,864,864
join billion,865,865
resource like,866,866
dream new,867,867
ten stay,868,868
success serve,869,869
season either,870,870
couple magazine,871,871
behind TV,872,872
from worry,873,873
your team,874,874
tax matter,875,875
per ok,876,876
through section,877,877
where enter,878,878
appear style,879,879
quality participant,880,880
many sign,881,881
work report,882,882
wait Republican,883,883
evidence day,884,884
everybody matter,885,885
important question,886,886
discussion suffer,887,887
rise lay,888,888
push above,889,889
western entire,890,890
whatever first,891,891
measure bad,892,892
although hold,893,893
total instead,894,894
reach determine,895,895
significant outside,896,896
thank inside,897,897
Mrs occur,898,898
kid finish,899,899
move glass,900,900
concern camera,901,901
gun today,902,902
challenge rise,903,903
however toward,904,904
other at,905,905
lead kid,906,906
evidence win,907,907
never number,908,908
six type,909,909
finish enjoy,910,910
assume not,911,911
inside wish,912,912
budget executive,913,913
simply generation,914,914
set art,915,915
admit vote,916,916
dream consider,917,917
at two,918,918
common within,919,919
ground approach,920,920
candidate sure,921,921
direction six,922,922
rich arrive,923,923
animal general,924,924
class beyond,925,925
pass watch,926,926
avoid drug,927,927
budget close,928,928
fine teach,929,929
break finally,930,930
important everything,931,931
participant head,932,932
rule consumer,933,933
maybe avoid,934,934
future state,935,935
modern hot,936,936
movie maybe,937,937
author but,938,938
rock per,939,939
foot safe,940,940
number tend,941,941
nature yourself,942,942
five interesting,943,943
travel threat,944,944
debate enough,945,945
wide statement,946,946
where or,947,947
attorney hot,948,948
sort bank,949,949
sort environmental,950,950
operation institution,951,951
act data,952,952
ago away,953,953
institution policy,954,954
person in,955,955
reveal one,956,956
job push,957,957
hit responsibility,958,958
key election,959,959
along force,960,960
five arrive,961,961
mouth yard,962,962
question dark,963,963
field green,964,964
water walk,965,965
vote animal,966,966
state fly,967,967
keep finally,968,968
base any,969,969
stuff animal,970,970
boy head,971,971
born city,972,972
weight capital,973,973
production wear,974,974
bit show,975,975
mission four,976,976
apply join,977,977
top there,978,978
believe left,979,979
action bed,980,980
there pattern,981,981
huge race,982,982
environmental cover,983,983
huge paper,984,984
support represent,985,985
now Congress,986,986
central impact,987,987
vote always,988,988
old catch,989,989
ball thought,990,990
smile interview,991,991
many interview,992,992
animal management,993,993
include morning,994,994
economic consider,995,995
husband thousand,996,996
painting air,997,997
realize great,998,998
sense form,999,999
forget today,1000,1000
