1,1,Violin,Beige race
2,2,Drums,PaleGoldenRod trade
3,3,Didgeridoo,RosyBrown strong
4,4,Didgeridoo,Chartreuse off
5,5,Didgeridoo,OldLace history
6,6,Kazoo,LemonChiffon themselves
7,7,Piano,Brown direction
8,8,Didgeridoo,Violet rock
9,9,Kazoo,RoyalBlue speech
10,10,Drums,Chartreuse peace
11,11,Hurdy Gurdy,Maroon author
12,12,Kazoo,DarkTurquoise thus
13,13,Drums,RosyBrown rise
14,14,Piano,LightGreen partner
15,15,Guitar,Thistle young
16,16,Kazoo,RoyalBlue fight
17,17,Viola,DarkGoldenRod kind
18,18,Tambourines,LightSalmon ready
19,19,Didgeridoo,MediumOrchid must
20,20,Tambourines,DeepPink fly
21,21,Kazoo,YellowGreen campaign
22,22,Didgeridoo,BlanchedAlmond current
23,23,Violin,Violet community
24,24,Tambourines,Aquamarine energy
25,25,Viola,Blue together
26,26,Drums,LemonChiffon sense
27,27,Kazoo,Orange executive
28,28,Violin,MidnightBlue night
29,29,Tambourines,Pink ok
30,30,Kazoo,GoldenRod future
31,31,Piano,PeachPuff investment
32,32,Viola,DarkOrchid moment
33,33,Tambourines,LightCyan could
34,34,Drums,PaleVioletRed information
35,35,Violin,DarkGray enough
36,36,Drums,MediumPurple general
37,37,Drums,DarkSeaGreen suddenly
38,38,Drums,DarkOrange region
39,39,Hurdy Gurdy,SlateGray religious
40,40,Kazoo,Fuchsia evening
41,41,Drums,SlateBlue character
42,42,Didgeridoo,Wheat investment
43,43,Violin,NavajoWhite pull
44,44,Violin,AliceBlue benefit
45,45,Piano,Maroon focus
46,46,Drums,Crimson middle
47,47,Violin,OrangeRed argue
48,48,Drums,SlateGray at
49,49,Piano,HotPink tough
50,50,Violin,OldLace then
51,51,Didgeridoo,MediumSeaGreen great
52,52,Tambourines,Purple under
53,53,Kazoo,DarkMagenta difficult
54,54,Hurdy Gurdy,Gainsboro author
55,55,Violin,Beige learn
56,56,Tambourines,DeepPink record
57,57,Guitar,RosyBrown voice
58,58,Piano,Aquamarine risk
59,59,Didgeridoo,MidnightBlue attention
60,60,Kazoo,Aquamarine year
61,61,Hurdy Gurdy,HotPink house
62,62,Tambourines,Orange factor
63,63,Viola,CornflowerBlue any
64,64,Hurdy Gurdy,MediumVioletRed decade
65,65,Hurdy Gurdy,PaleVioletRed take
66,66,Hurdy Gurdy,Azure sing
67,67,Viola,MidnightBlue college
68,68,Violin,CadetBlue relationship
69,69,Piano,DarkSeaGreen important
70,70,Violin,LightCyan recent
71,71,Violin,BlueViolet nation
72,72,Guitar,LightSlateGray expect
73,73,Violin,MidnightBlue movement
74,74,Tambourines,SandyBrown with
75,75,Didgeridoo,Magenta gas
76,76,Hurdy Gurdy,Silver but
77,77,Hurdy Gurdy,PaleGreen all
78,78,Hurdy Gurdy,LightGreen economic
79,79,Guitar,Gainsboro kind
80,80,Violin,MediumSlateBlue yet
81,81,Tambourines,LightCyan who
82,82,Hurdy Gurdy,AntiqueWhite indeed
83,83,Viola,LightCyan need
84,84,Guitar,Linen everybody
85,85,Didgeridoo,Turquoise others
86,86,Guitar,LightSteelBlue spring
87,87,Hurdy Gurdy,MidnightBlue nation
88,88,Guitar,DarkSeaGreen it
89,89,Kazoo,DimGray easy
90,90,Violin,LightYellow share
91,91,Viola,DarkViolet across
92,92,Didgeridoo,Lime before
93,93,Viola,PowderBlue politics
94,94,Kazoo,Navy scene
95,95,Piano,Linen quickly
96,96,Viola,Linen deep
97,97,Violin,MediumSlateBlue space
98,98,Piano,LawnGreen surface
99,99,Tambourines,Chartreuse lay
100,100,Viola,Beige history
101,101,Hurdy Gurdy,DarkGoldenRod together
102,102,Guitar,DarkGreen again
103,103,Viola,DodgerBlue color
104,104,Guitar,HoneyDew positive
105,105,Violin,FloralWhite between
106,106,Piano,PaleGreen man
107,107,Tambourines,LightSteelBlue official
108,108,Drums,DodgerBlue concern
109,109,Piano,DarkSlateGray yard
110,110,Viola,Teal main
111,111,Kazoo,MediumSpringGreen never
112,112,Hurdy Gurdy,Ivory treatment
113,113,Viola,LemonChiffon under
114,114,Tambourines,Khaki establish
115,115,Kazoo,ForestGreen ground
116,116,Drums,Purple any
117,117,Drums,Chartreuse claim
118,118,Kazoo,LightSeaGreen south
119,119,Hurdy Gurdy,Moccasin speech
120,120,Didgeridoo,Red road
121,121,Didgeridoo,LightSeaGreen message
122,122,Viola,AntiqueWhite me
123,123,Tambourines,NavajoWhite conference
124,124,Didgeridoo,BlueViolet first
125,125,Violin,MediumVioletRed any
126,126,Tambourines,Maroon since
127,127,Didgeridoo,MediumPurple professor
128,128,Piano,LavenderBlush spring
129,129,Kazoo,Plum notice
130,130,Drums,OrangeRed table
131,131,Violin,PapayaWhip trade
132,132,Didgeridoo,WhiteSmoke save
133,133,Guitar,SeaGreen along
134,134,Kazoo,Crimson growth
135,135,Hurdy Gurdy,DeepSkyBlue ask
136,136,Viola,Tan writer
137,137,Didgeridoo,DeepSkyBlue protect
138,138,Tambourines,DimGray cost
139,139,Tambourines,Indigo kid
140,140,Kazoo,DarkSlateBlue me
141,141,Guitar,ForestGreen put
142,142,Tambourines,Cyan management
143,143,Piano,AntiqueWhite give
144,144,Drums,WhiteSmoke discover
145,145,Tambourines,LightGray health
146,146,Drums,MistyRose answer
147,147,Guitar,Tan owner
148,148,Drums,PaleGreen either
149,149,Violin,AntiqueWhite executive
150,150,Didgeridoo,IndianRed lose
151,151,Guitar,PaleTurquoise enter
152,152,Tambourines,DarkTurquoise rule
153,153,Guitar,AliceBlue song
154,154,Drums,GoldenRod newspaper
155,155,Hurdy Gurdy,DarkGray leg
156,156,Hurdy Gurdy,Khaki trade
157,157,Kazoo,Silver group
158,158,Violin,PaleGoldenRod someone
159,159,Tambourines,Cornsilk some
160,160,Piano,LightCyan she
161,161,Kazoo,PaleGreen customer
162,162,Piano,DarkGoldenRod under
163,163,Piano,MintCream still
164,164,Guitar,Coral need
165,165,Piano,MediumSlateBlue sing
166,166,Guitar,DarkSlateGray enter
167,167,Kazoo,Bisque travel
168,168,Piano,LawnGreen hot
169,169,Tambourines,FloralWhite whatever
170,170,Kazoo,Orange civil
171,171,Piano,Silver not
172,172,Piano,DarkGray blue
173,173,Hurdy Gurdy,Navy brother
174,174,Piano,Gainsboro grow
175,175,Viola,Cornsilk relate
176,176,Guitar,DarkSlateBlue share
177,177,Piano,DarkSeaGreen size
178,178,Viola,AntiqueWhite young
179,179,Violin,PaleGreen position
180,180,Guitar,Yellow candidate
181,181,Didgeridoo,DarkOrange investment
182,182,Guitar,Beige order
183,183,Tambourines,Gray such
184,184,Violin,Chartreuse chair
185,185,Kazoo,DarkOrchid into
186,186,Violin,Bisque military
187,187,Tambourines,DarkViolet group
188,188,Drums,DarkSlateGray increase
189,189,Drums,SpringGreen a
190,190,Tambourines,LawnGreen material
191,191,Didgeridoo,Purple if
192,192,Didgeridoo,OrangeRed hit
193,193,Hurdy Gurdy,CornflowerBlue describe
194,194,Tambourines,LightBlue discover
195,195,Drums,SlateGray level
196,196,Drums,Moccasin spring
197,197,Hurdy Gurdy,Red fall
198,198,Piano,LightSalmon life
199,199,Tambourines,Cyan open
200,200,Didgeridoo,Salmon allow
201,201,Guitar,Navy plan
202,202,Kazoo,DarkOliveGreen government
203,203,Drums,PaleVioletRed improve
204,204,Piano,LimeGreen necessary
205,205,Drums,MediumBlue region
206,206,Didgeridoo,Navy south
207,207,Hurdy Gurdy,Gold produce
208,208,Piano,Orange marriage
209,209,Hurdy Gurdy,DarkMagenta billion
210,210,Tambourines,Olive sound
211,211,Kazoo,DarkSeaGreen late
212,212,Piano,SlateBlue out
213,213,Violin,DarkKhaki only
214,214,Violin,OrangeRed financial
215,215,Viola,PaleGoldenRod whose
216,216,Violin,Fuchsia service
217,217,Viola,RoyalBlue manage
218,218,Viola,PaleGreen east
219,219,Drums,AliceBlue character
220,220,Drums,Chocolate want
221,221,Drums,Teal explain
222,222,Violin,Brown spend
223,223,Violin,Silver old
224,224,Violin,FireBrick machine
225,225,Piano,Brown director
226,226,Viola,SteelBlue bank
227,227,Viola,Sienna skin
228,228,Drums,MediumSeaGreen similar
229,229,Drums,DarkOliveGreen matter
230,230,Viola,SteelBlue protect
231,231,Didgeridoo,BurlyWood interview
232,232,Hurdy Gurdy,SeaGreen pick
233,233,Tambourines,Plum time
234,234,Viola,DeepPink other
235,235,Violin,Red entire
236,236,Didgeridoo,BlanchedAlmond sound
237,237,Piano,LightBlue office
238,238,Hurdy Gurdy,LemonChiffon middle
239,239,Violin,PeachPuff somebody
240,240,Hurdy Gurdy,SandyBrown question
241,241,Didgeridoo,LightYellow reflect
242,242,Viola,DarkViolet item
243,243,Violin,Green little
244,244,Viola,Red medical
245,245,Guitar,LightCyan three
246,246,Viola,Purple heart
247,247,Kazoo,HotPink man
248,248,Guitar,MediumTurquoise spring
249,249,Violin,Orchid front
250,250,Guitar,LightSlateGray everybody
251,251,Hurdy Gurdy,WhiteSmoke my
252,252,Guitar,White break
253,253,Viola,Coral American
254,254,Didgeridoo,DarkCyan chance
255,255,Hurdy Gurdy,BurlyWood big
256,256,Violin,SlateGray medical
257,257,Viola,SeaShell central
258,258,Hurdy Gurdy,Yellow others
259,259,Violin,AliceBlue anything
260,260,Didgeridoo,MediumPurple budget
261,261,Didgeridoo,SeaShell people
262,262,Drums,OliveDrab central
263,263,Piano,Tomato scientist
264,264,Didgeridoo,SeaShell if
265,265,Tambourines,Lime themselves
266,266,Violin,Purple lay
267,267,Hurdy Gurdy,HotPink boy
268,268,Tambourines,BlanchedAlmond four
269,269,Kazoo,Crimson east
270,270,Guitar,DimGray forget
271,271,Violin,PaleTurquoise policy
272,272,Drums,MediumVioletRed rate
273,273,Hurdy Gurdy,DarkSlateBlue become
274,274,Hurdy Gurdy,Gold early
275,275,Guitar,DarkGreen involve
276,276,Hurdy Gurdy,Beige school
277,277,Violin,PapayaWhip specific
278,278,Drums,Orange of
279,279,Kazoo,CadetBlue ready
280,280,Hurdy Gurdy,MediumSeaGreen theory
281,281,Hurdy Gurdy,MediumOrchid high
282,282,Drums,Red budget
283,283,Piano,YellowGreen like
284,284,Violin,Gray house
285,285,Kazoo,DarkGoldenRod support
286,286,Didgeridoo,OldLace image
287,287,Hurdy Gurdy,DarkSeaGreen policy
288,288,Piano,PaleGoldenRod big
289,289,Piano,Coral build
290,290,Guitar,LightGreen data
291,291,Viola,Wheat back
292,292,Tambourines,SkyBlue indeed
293,293,Didgeridoo,SeaGreen per
294,294,Drums,GreenYellow know
295,295,Viola,Brown character
296,296,Viola,LightGreen specific
297,297,Tambourines,Salmon across
298,298,Didgeridoo,Aqua month
299,299,Guitar,LightYellow show
300,300,Kazoo,YellowGreen chance
301,301,Drums,DarkOrange model
302,302,Tambourines,DarkOrange teacher
303,303,Kazoo,DarkRed protect
304,304,Drums,DarkMagenta free
305,305,Piano,OliveDrab Mr
306,306,Tambourines,DodgerBlue plant
307,307,Guitar,DeepSkyBlue news
308,308,Didgeridoo,Violet various
309,309,Viola,NavajoWhite record
310,310,Drums,DarkOliveGreen water
311,311,Violin,Gainsboro there
312,312,Kazoo,Purple make
313,313,Tambourines,Pink soon
314,314,Viola,DarkSalmon tonight
315,315,Tambourines,PeachPuff but
316,316,Violin,LightBlue answer
317,317,Kazoo,HoneyDew main
318,318,Viola,DarkMagenta them
319,319,Didgeridoo,Moccasin base
320,320,Guitar,Fuchsia eye
321,321,Viola,Orange pass
322,322,Viola,Cyan imagine
323,323,Tambourines,LightSkyBlue let
324,324,Drums,Yellow visit
325,325,Piano,LightSeaGreen religious
326,326,Guitar,LightSkyBlue western
327,327,Kazoo,DarkBlue statement
328,328,Hurdy Gurdy,SlateGray difference
329,329,Didgeridoo,DimGray detail
330,330,Hurdy Gurdy,Fuchsia me
331,331,Kazoo,PowderBlue traditional
332,332,Violin,Azure create
333,333,Piano,RoyalBlue remain
334,334,Hurdy Gurdy,LightGoldenRodYellow table
335,335,Violin,ForestGreen west
336,336,Viola,Pink draw
337,337,Viola,Gray chair
338,338,Violin,Red nice
339,339,Didgeridoo,Cyan official
340,340,Didgeridoo,Chocolate play
341,341,Violin,YellowGreen list
342,342,Kazoo,MediumSeaGreen song
343,343,Kazoo,Thistle summer
344,344,Kazoo,Bisque phone
345,345,Didgeridoo,NavajoWhite blood
346,346,Violin,LightBlue product
347,347,Viola,White here
348,348,Tambourines,LightYellow bank
349,349,Viola,Tan a
350,350,Hurdy Gurdy,LightGoldenRodYellow fund
351,351,Violin,LimeGreen perform
352,352,Hurdy Gurdy,MediumSpringGreen through
353,353,Kazoo,OldLace up
354,354,Violin,DarkViolet home
355,355,Piano,Orange way
356,356,Viola,CadetBlue each
357,357,Guitar,Aqua star
358,358,Violin,Fuchsia allow
359,359,Viola,Linen yard
360,360,Viola,Silver heart
361,361,Violin,Chartreuse for
362,362,Tambourines,NavajoWhite middle
363,363,Drums,Olive next
364,364,Viola,LightCyan need
365,365,Guitar,YellowGreen still
366,366,Piano,LightGray staff
367,367,Guitar,SpringGreen reflect
368,368,Violin,MistyRose strategy
369,369,Hurdy Gurdy,Aqua scene
370,370,Drums,LightSlateGray live
371,371,Violin,BlanchedAlmond live
372,372,Didgeridoo,DarkSlateBlue employee
373,373,Drums,LavenderBlush middle
374,374,Didgeridoo,FloralWhite prove
375,375,Didgeridoo,LawnGreen car
376,376,Didgeridoo,Gold too
377,377,Tambourines,BlanchedAlmond easy
378,378,Guitar,GhostWhite cause
379,379,Kazoo,MediumAquaMarine source
380,380,Tambourines,MediumBlue community
381,381,Kazoo,LightSkyBlue policy
382,382,Didgeridoo,Beige mean
383,383,Hurdy Gurdy,MediumVioletRed total
384,384,Viola,Tan interest
385,385,Hurdy Gurdy,SaddleBrown coach
386,386,Piano,Navy something
387,387,Viola,DimGray left
388,388,Guitar,SlateGray her
389,389,Tambourines,Fuchsia theory
390,390,Didgeridoo,LightGoldenRodYellow over
391,391,Viola,MintCream hope
392,392,Kazoo,Ivory great
393,393,Didgeridoo,LemonChiffon idea
394,394,Guitar,Aqua population
395,395,Drums,PeachPuff agent
396,396,Violin,DeepPink detail
397,397,Kazoo,LightGray wide
398,398,Viola,Crimson camera
399,399,Viola,Sienna sister
400,400,Violin,Violet system
401,401,Didgeridoo,Aquamarine water
402,402,Kazoo,LavenderBlush need
403,403,Kazoo,White marriage
404,404,Piano,Lavender require
405,405,Tambourines,BurlyWood throw
406,406,Kazoo,Blue stage
407,407,Violin,PaleGreen fish
408,408,Guitar,WhiteSmoke green
409,409,Violin,MintCream thought
410,410,Piano,HoneyDew own
411,411,Drums,Orange suffer
412,412,Drums,Salmon adult
413,413,Tambourines,MediumSpringGreen cup
414,414,Drums,RosyBrown range
415,415,Hurdy Gurdy,Chocolate walk
416,416,Viola,Purple thus
417,417,Guitar,DarkGray issue
418,418,Viola,LightGray cup
419,419,Kazoo,DimGray cut
420,420,Hurdy Gurdy,LightSlateGray product
421,421,Kazoo,DarkCyan tax
422,422,Tambourines,Brown threat
423,423,Guitar,LavenderBlush song
424,424,Drums,Linen able
425,425,Hurdy Gurdy,DarkSalmon then
426,426,Drums,Orchid reach
427,427,Hurdy Gurdy,PapayaWhip represent
428,428,Guitar,Khaki well
429,429,Kazoo,MediumVioletRed need
430,430,Viola,NavajoWhite situation
431,431,Drums,PaleGreen environmental
432,432,Guitar,SlateBlue paper
433,433,Kazoo,Indigo action
434,434,Hurdy Gurdy,DeepSkyBlue key
435,435,Didgeridoo,Red authority
436,436,Viola,DarkTurquoise yard
437,437,Guitar,DarkGreen life
438,438,Tambourines,RosyBrown enter
439,439,Drums,Crimson myself
440,440,Tambourines,LemonChiffon wait
441,441,Drums,MediumSeaGreen them
442,442,Kazoo,DarkGoldenRod factor
443,443,Viola,SeaGreen city
444,444,Viola,DarkKhaki bad
445,445,Viola,LemonChiffon learn
446,446,Tambourines,LavenderBlush town
447,447,Piano,MediumSpringGreen event
448,448,Kazoo,DarkOrchid system
449,449,Violin,Lavender on
450,450,Didgeridoo,Orchid enjoy
451,451,Viola,DarkBlue also
452,452,Drums,GreenYellow best
453,453,Didgeridoo,LightGreen lose
454,454,Hurdy Gurdy,DarkSalmon will
455,455,Viola,LightSalmon break
456,456,Violin,LightSkyBlue wonder
457,457,Piano,Crimson finish
458,458,Tambourines,SeaGreen bed
459,459,Tambourines,Orchid direction
460,460,Tambourines,LavenderBlush doctor
461,461,Piano,Turquoise race
462,462,Piano,DarkViolet again
463,463,Viola,MidnightBlue sell
464,464,Guitar,Yellow more
465,465,Drums,Crimson hair
466,466,Piano,Aquamarine task
467,467,Tambourines,Aqua these
468,468,Kazoo,Indigo need
469,469,Guitar,Ivory Mr
470,470,Kazoo,Gray order
471,471,Guitar,OrangeRed sea
472,472,Piano,Chartreuse wish
473,473,Guitar,PowderBlue military
474,474,Piano,LightSalmon series
475,475,Hurdy Gurdy,Maroon Mr
476,476,Violin,MediumPurple herself
477,477,Kazoo,Gray sound
478,478,Violin,PaleTurquoise trouble
479,479,Viola,DarkTurquoise everybody
480,480,Didgeridoo,DodgerBlue fall
481,481,Tambourines,LightGray girl
482,482,Viola,DarkOliveGreen baby
483,483,Guitar,PaleVioletRed maybe
484,484,Piano,Tomato focus
485,485,Guitar,MediumTurquoise enjoy
486,486,Guitar,SlateGray although
487,487,Piano,Lavender camera
488,488,Guitar,DarkCyan establish
489,489,Kazoo,MediumSeaGreen city
490,490,Hurdy Gurdy,LimeGreen kind
491,491,Tambourines,LawnGreen member
492,492,Piano,DeepSkyBlue pick
493,493,Hurdy Gurdy,SandyBrown television
494,494,Kazoo,DarkSlateGray budget
495,495,Guitar,PapayaWhip just
496,496,Didgeridoo,LightGreen safe
497,497,Hurdy Gurdy,MediumAquaMarine bed
498,498,Viola,Gray economy
499,499,Hurdy Gurdy,ForestGreen culture
500,500,Tambourines,Black strong
501,501,Drums,LightBlue point
502,502,Drums,WhiteSmoke information
503,503,Hurdy Gurdy,DarkViolet firm
504,504,Drums,HoneyDew different
505,505,Hurdy Gurdy,DarkViolet near
506,506,Piano,PowderBlue join
507,507,Piano,PaleTurquoise blue
508,508,Guitar,Beige piece
509,509,Piano,DarkViolet rise
510,510,Piano,BlueViolet food
511,511,Guitar,Aquamarine another
512,512,Hurdy Gurdy,Coral yes
513,513,Piano,DarkSalmon PM
514,514,Viola,DarkSlateBlue as
515,515,Kazoo,Olive method
516,516,Guitar,YellowGreen economic
517,517,Piano,BlanchedAlmond pressure
518,518,Guitar,LavenderBlush section
519,519,Violin,Indigo than
520,520,Kazoo,Purple story
521,521,Piano,BlanchedAlmond degree
522,522,Violin,LightSeaGreen fall
523,523,Tambourines,OliveDrab herself
524,524,Hurdy Gurdy,ForestGreen describe
525,525,Didgeridoo,SaddleBrown nothing
526,526,Kazoo,DarkCyan by
527,527,Violin,Silver speak
528,528,Didgeridoo,SpringGreen material
529,529,Tambourines,Cornsilk consumer
530,530,Guitar,LightYellow on
531,531,Guitar,Red face
532,532,Hurdy Gurdy,MediumTurquoise technology
533,533,Piano,DarkSlateBlue travel
534,534,Didgeridoo,AntiqueWhite pressure
535,535,Viola,BurlyWood base
536,536,Kazoo,PaleTurquoise myself
537,537,Hurdy Gurdy,Cornsilk measure
538,538,Viola,Peru decide
539,539,Guitar,PapayaWhip later
540,540,Didgeridoo,RosyBrown though
541,541,Tambourines,Teal very
542,542,Hurdy Gurdy,Peru identify
543,543,Violin,SaddleBrown campaign
544,544,Tambourines,Navy face
545,545,Didgeridoo,Turquoise safe
546,546,Tambourines,SaddleBrown in
547,547,Didgeridoo,LightBlue compare
548,548,Violin,SteelBlue choose
549,549,Drums,DarkMagenta range
550,550,Piano,PeachPuff natural
551,551,Drums,IndianRed toward
552,552,Violin,GhostWhite form
553,553,Kazoo,DarkKhaki tough
554,554,Piano,LightSteelBlue job
555,555,Tambourines,YellowGreen despite
556,556,Piano,BlueViolet middle
557,557,Didgeridoo,Teal may
558,558,Hurdy Gurdy,LightPink tax
559,559,Violin,MediumBlue of
560,560,Drums,SteelBlue break
561,561,Piano,Beige up
562,562,Tambourines,Ivory son
563,563,Piano,Khaki by
564,564,Violin,MediumAquaMarine between
565,565,Tambourines,MediumSeaGreen say
566,566,Kazoo,Maroon radio
567,567,Didgeridoo,LightYellow great
568,568,Guitar,Gainsboro Republican
569,569,Viola,Green summer
570,570,Piano,DarkSeaGreen company
571,571,Didgeridoo,SteelBlue home
572,572,Tambourines,BurlyWood course
573,573,Tambourines,DarkOliveGreen force
574,574,Tambourines,Pink various
575,575,Hurdy Gurdy,Snow Republican
576,576,Hurdy Gurdy,Violet bit
577,577,Drums,MediumBlue family
578,578,Tambourines,Bisque include
579,579,Piano,Khaki quickly
580,580,Tambourines,SeaGreen under
581,581,Tambourines,Thistle glass
582,582,Drums,HoneyDew small
583,583,Drums,BurlyWood possible
584,584,Kazoo,BlanchedAlmond star
585,585,Tambourines,SandyBrown court
586,586,Viola,GreenYellow participant
587,587,Kazoo,PowderBlue event
588,588,Violin,PaleTurquoise tax
589,589,Tambourines,FloralWhite sing
590,590,Tambourines,LawnGreen she
591,591,Violin,BurlyWood democratic
592,592,Kazoo,Brown environmental
593,593,Viola,BlueViolet themselves
594,594,Hurdy Gurdy,Peru least
595,595,Piano,Cornsilk spend
596,596,Hurdy Gurdy,Thistle meeting
597,597,Didgeridoo,Peru movement
598,598,Hurdy Gurdy,LightSkyBlue better
599,599,Tambourines,SkyBlue spend
600,600,Violin,LightCoral prove
601,601,Viola,Black gas
602,602,Guitar,Red until
603,603,Hurdy Gurdy,Red within
604,604,Didgeridoo,DarkRed president
605,605,Viola,Violet wait
606,606,Viola,LightSlateGray nearly
607,607,Hurdy Gurdy,DarkOliveGreen doctor
608,608,Hurdy Gurdy,Wheat job
609,609,Violin,Lime order
610,610,Drums,Chocolate relate
611,611,Tambourines,DarkMagenta modern
612,612,Viola,DarkSeaGreen above
613,613,Kazoo,MediumTurquoise hear
614,614,Drums,Beige just
615,615,Violin,MediumPurple arm
616,616,Viola,SlateGray choose
617,617,Piano,Indigo when
618,618,Piano,SpringGreen grow
619,619,Guitar,Olive trouble
620,620,Piano,DarkSalmon leg
621,621,Didgeridoo,Lime central
622,622,Didgeridoo,DarkSlateGray room
623,623,Hurdy Gurdy,MediumVioletRed always
624,624,Kazoo,FloralWhite arrive
625,625,Hurdy Gurdy,BlanchedAlmond moment
626,626,Violin,Ivory for
627,627,Kazoo,Brown guy
628,628,Tambourines,MistyRose add
629,629,Tambourines,DarkMagenta magazine
630,630,Tambourines,DarkOrange everyone
631,631,Guitar,AntiqueWhite bank
632,632,Viola,DimGray military
633,633,Kazoo,Olive rule
634,634,Violin,OldLace return
635,635,Hurdy Gurdy,MediumTurquoise short
636,636,Drums,OrangeRed safe
637,637,Viola,DimGray son
638,638,Viola,SlateGray fly
639,639,Tambourines,DarkKhaki finally
640,640,Violin,Sienna ok
641,641,Piano,DarkTurquoise him
642,642,Piano,Tomato exactly
643,643,Hurdy Gurdy,Fuchsia job
644,644,Violin,MediumSlateBlue ahead
645,645,Piano,Moccasin within
646,646,Hurdy Gurdy,Pink north
647,647,Guitar,DarkRed national
648,648,Hurdy Gurdy,LightGreen between
649,649,Violin,DarkGoldenRod information
650,650,Didgeridoo,DarkRed deal
651,651,Hurdy Gurdy,LightCyan fine
652,652,Piano,Snow still
653,653,Drums,DeepSkyBlue partner
654,654,Hurdy Gurdy,Purple mean
655,655,Tambourines,DarkGreen point
656,656,Piano,MediumVioletRed teach
657,657,Drums,SandyBrown citizen
658,658,Kazoo,Turquoise suffer
659,659,Drums,Lime brother
660,660,Guitar,SaddleBrown production
661,661,Piano,WhiteSmoke heart
662,662,Piano,DeepSkyBlue skin
663,663,Viola,CornflowerBlue positive
664,664,Drums,LightGray specific
665,665,Didgeridoo,PapayaWhip teacher
666,666,Viola,Olive film
667,667,Hurdy Gurdy,IndianRed else
668,668,Didgeridoo,LimeGreen yard
669,669,Viola,LightBlue can
670,670,Drums,DodgerBlue around
671,671,Didgeridoo,Gainsboro professional
672,672,Drums,Plum make
673,673,Didgeridoo,Plum across
674,674,Tambourines,SpringGreen protect
675,675,Hurdy Gurdy,PowderBlue be
676,676,Tambourines,RosyBrown traditional
677,677,Kazoo,LimeGreen letter
678,678,Viola,GhostWhite environment
679,679,Kazoo,HoneyDew and
680,680,Tambourines,DarkViolet Democrat
681,681,Piano,MidnightBlue participant
682,682,Didgeridoo,Navy wish
683,683,Violin,YellowGreen cold
684,684,Hurdy Gurdy,DarkSalmon everybody
685,685,Viola,LightCoral know
686,686,Drums,HotPink store
687,687,Violin,LimeGreen current
688,688,Hurdy Gurdy,Moccasin onto
689,689,Didgeridoo,MediumAquaMarine social
690,690,Piano,Navy administration
691,691,Tambourines,Thistle edge
692,692,Viola,LightGreen alone
693,693,Drums,NavajoWhite recognize
694,694,Didgeridoo,RosyBrown local
695,695,Piano,Plum identify
696,696,Violin,MediumTurquoise consumer
697,697,Didgeridoo,Peru choose
698,698,Kazoo,DeepPink tax
699,699,Piano,SkyBlue degree
700,700,Guitar,DarkGray sometimes
701,701,Hurdy Gurdy,DarkSlateBlue between
702,702,Hurdy Gurdy,MintCream budget
703,703,Kazoo,DimGray participant
704,704,Viola,SaddleBrown modern
705,705,Tambourines,GreenYellow hundred
706,706,Violin,Tan fly
707,707,Kazoo,Olive fear
708,708,Tambourines,FloralWhite look
709,709,Guitar,MediumBlue within
710,710,Piano,Gold just
711,711,Drums,RoyalBlue recent
712,712,Hurdy Gurdy,Orchid company
713,713,Hurdy Gurdy,Violet pay
714,714,Tambourines,LightSteelBlue buy
715,715,Tambourines,MediumTurquoise past
716,716,Violin,Snow fast
717,717,Kazoo,LightYellow exist
718,718,Violin,LemonChiffon age
719,719,Hurdy Gurdy,Aquamarine brother
720,720,Violin,Violet way
721,721,Hurdy Gurdy,MediumSlateBlue involve
722,722,Tambourines,Aquamarine imagine
723,723,Piano,Olive laugh
724,724,Viola,Purple method
725,725,Viola,Gray skill
726,726,Drums,SandyBrown anyone
727,727,Violin,MediumSlateBlue magazine
728,728,Violin,Fuchsia sometimes
729,729,Hurdy Gurdy,DeepPink film
730,730,Viola,LightCyan near
731,731,Tambourines,Linen case
732,732,Violin,DarkSlateGray claim
733,733,Viola,DarkViolet outside
734,734,Piano,Coral environmental
735,735,Hurdy Gurdy,SeaGreen everything
736,736,Hurdy Gurdy,MediumAquaMarine heavy
737,737,Viola,LightSkyBlue threat
738,738,Piano,Magenta main
739,739,Didgeridoo,Black save
740,740,Kazoo,OrangeRed guy
741,741,Piano,Khaki with
742,742,Viola,Ivory owner
743,743,Violin,Aqua standard
744,744,Viola,Peru appear
745,745,Hurdy Gurdy,DarkSlateBlue huge
746,746,Piano,Khaki not
747,747,Violin,Aqua describe
748,748,Violin,GhostWhite audience
749,749,Kazoo,Turquoise oil
750,750,Viola,OrangeRed fact
751,751,Drums,AliceBlue officer
752,752,Piano,RoyalBlue buy
753,753,Piano,Thistle voice
754,754,Piano,BlanchedAlmond open
755,755,Kazoo,RoyalBlue little
756,756,Didgeridoo,SlateBlue high
757,757,Didgeridoo,PapayaWhip natural
758,758,Violin,LightCoral these
759,759,Violin,Violet article
760,760,Hurdy Gurdy,MidnightBlue economy
761,761,Hurdy Gurdy,Black store
762,762,Hurdy Gurdy,DarkGreen soldier
763,763,Viola,CadetBlue develop
764,764,Didgeridoo,DarkRed during
765,765,Didgeridoo,LightCoral position
766,766,Tambourines,Ivory stage
767,767,Hurdy Gurdy,FireBrick director
768,768,Didgeridoo,LightSeaGreen consider
769,769,Didgeridoo,LightYellow help
770,770,Hurdy Gurdy,MediumAquaMarine thought
771,771,Viola,MediumOrchid seven
772,772,Tambourines,Violet outside
773,773,Piano,Cyan see
774,774,Drums,Gainsboro theory
775,775,Didgeridoo,LemonChiffon camera
776,776,Piano,AntiqueWhite you
777,777,Viola,LightSteelBlue especially
778,778,Viola,DarkSalmon last
779,779,Violin,MistyRose quickly
780,780,Tambourines,BlanchedAlmond market
781,781,Didgeridoo,DarkTurquoise something
782,782,Tambourines,Black likely
783,783,Tambourines,LimeGreen cultural
784,784,Violin,DarkTurquoise lead
785,785,Violin,MediumAquaMarine require
786,786,Kazoo,MediumBlue I
787,787,Piano,DarkGreen stay
788,788,Hurdy Gurdy,Turquoise fine
789,789,Hurdy Gurdy,LightCoral age
790,790,Didgeridoo,LawnGreen young
791,791,Didgeridoo,DodgerBlue alone
792,792,Drums,LightGray difference
793,793,Didgeridoo,Green big
794,794,Guitar,OldLace allow
795,795,Violin,Aqua may
796,796,Piano,Cornsilk analysis
797,797,Violin,Chocolate star
798,798,Drums,PowderBlue knowledge
799,799,Viola,Green sign
800,800,Drums,Orange six
801,801,Hurdy Gurdy,Salmon for
802,802,Viola,SeaShell better
803,803,Viola,Chocolate year
804,804,Tambourines,LimeGreen health
805,805,Guitar,Violet everything
806,806,Hurdy Gurdy,Black house
807,807,Piano,DarkRed moment
808,808,Viola,Coral number
809,809,Didgeridoo,GhostWhite southern
810,810,Didgeridoo,PaleGoldenRod song
811,811,Violin,BlueViolet about
812,812,Drums,MediumSpringGreen mission
813,813,Guitar,Lavender hit
814,814,Tambourines,FireBrick security
815,815,Violin,Gray old
816,816,Tambourines,DarkBlue along
817,817,Tambourines,DarkMagenta yet
818,818,Drums,BlueViolet thank
819,819,Viola,DarkGray strategy
820,820,Didgeridoo,SeaShell community
821,821,Hurdy Gurdy,DarkBlue possible
822,822,Guitar,PaleGreen these
823,823,Hurdy Gurdy,Yellow whose
824,824,Drums,Cornsilk kind
825,825,Drums,Gray big
826,826,Viola,MediumSeaGreen course
827,827,Violin,SpringGreen building
828,828,Drums,DarkTurquoise story
829,829,Kazoo,OldLace rock
830,830,Kazoo,WhiteSmoke term
831,831,Violin,MediumTurquoise prepare
832,832,Piano,Orchid recognize
833,833,Hurdy Gurdy,MediumVioletRed move
834,834,Hurdy Gurdy,SaddleBrown use
835,835,Tambourines,HotPink certain
836,836,Piano,SlateGray short
837,837,Violin,Brown project
838,838,Drums,DarkViolet none
839,839,Didgeridoo,DarkMagenta less
840,840,Kazoo,Fuchsia same
841,841,Piano,GhostWhite court
842,842,Violin,Chocolate west
843,843,Tambourines,Teal either
844,844,Didgeridoo,DarkOrange style
845,845,Didgeridoo,PowderBlue she
846,846,Violin,Salmon product
847,847,Piano,ForestGreen dinner
848,848,Viola,OliveDrab American
849,849,Guitar,Black gun
850,850,Hurdy Gurdy,LawnGreen food
851,851,Violin,DarkTurquoise next
852,852,Piano,DarkOrchid PM
853,853,Viola,Azure effect
854,854,Guitar,Yellow sport
855,855,Drums,Lavender maybe
856,856,Hurdy Gurdy,Aqua experience
857,857,Drums,Orange history
858,858,Drums,BlueViolet by
859,859,Drums,LightCyan stay
860,860,Piano,Orange test
861,861,Piano,DarkViolet live
862,862,Tambourines,Orange myself
863,863,Kazoo,Snow check
864,864,Tambourines,RoyalBlue beyond
865,865,Didgeridoo,Azure item
866,866,Didgeridoo,SandyBrown girl
867,867,Piano,MidnightBlue real
868,868,Kazoo,DarkRed live
869,869,Guitar,DarkGreen approach
870,870,Drums,Cyan maintain
871,871,Tambourines,SeaShell half
872,872,Piano,Black condition
873,873,Guitar,Black especially
874,874,Drums,SaddleBrown deal
875,875,Drums,Sienna page
876,876,Didgeridoo,ForestGreen sure
877,877,Viola,Turquoise kitchen
878,878,Viola,DarkGreen personal
879,879,Hurdy Gurdy,LightCoral result
880,880,Violin,GoldenRod bit
881,881,Piano,SkyBlue we
882,882,Violin,MediumTurquoise past
883,883,Drums,DarkGreen course
884,884,Tambourines,Orchid we
885,885,Didgeridoo,PapayaWhip last
886,886,Guitar,BlanchedAlmond good
887,887,Viola,Linen reduce
888,888,Piano,MediumOrchid recently
889,889,Guitar,Bisque west
890,890,Guitar,Red them
891,891,Guitar,LightCoral pay
892,892,Didgeridoo,AliceBlue himself
893,893,Drums,Cyan business
894,894,Didgeridoo,DeepPink fire
895,895,Didgeridoo,PaleGoldenRod money
896,896,Hurdy Gurdy,DarkCyan standard
897,897,Kazoo,Pink outside
898,898,Piano,Brown listen
899,899,Violin,HotPink significant
900,900,Viola,RoyalBlue field
901,901,Piano,MintCream cold
902,902,Hurdy Gurdy,White interesting
903,903,Kazoo,Aqua blue
904,904,Tambourines,DeepSkyBlue show
905,905,Viola,Tomato live
906,906,Guitar,OrangeRed reach
907,907,Kazoo,Aquamarine from
908,908,Drums,DarkGray cover
909,909,Hurdy Gurdy,DimGray lawyer
910,910,Tambourines,Plum war
911,911,Guitar,Yellow blood
912,912,Viola,Plum wind
913,913,Tambourines,MediumSeaGreen throw
914,914,Drums,DarkBlue figure
915,915,Tambourines,DeepPink simple
916,916,Guitar,Thistle teach
917,917,Didgeridoo,DarkGoldenRod well
918,918,Piano,SaddleBrown involve
919,919,Viola,LightGray memory
920,920,Tambourines,DarkMagenta reason
921,921,Hurdy Gurdy,GhostWhite condition
922,922,Hurdy Gurdy,Chartreuse sure
923,923,Drums,DarkBlue determine
924,924,Drums,DarkSlateGray window
925,925,Didgeridoo,SandyBrown pay
926,926,Guitar,RosyBrown someone
927,927,Violin,MediumSeaGreen test
928,928,Tambourines,Orange economic
929,929,Violin,MediumBlue stand
930,930,Viola,MistyRose accept
931,931,Violin,FloralWhite way
932,932,Drums,Aquamarine college
933,933,Tambourines,GreenYellow at
934,934,Viola,GhostWhite share
935,935,Tambourines,DarkMagenta whom
936,936,Piano,Wheat impact
937,937,Guitar,DarkRed entire
938,938,Violin,LightCyan necessary
939,939,Guitar,Plum exactly
940,940,Drums,CornflowerBlue country
941,941,Guitar,NavajoWhite back
942,942,Violin,AliceBlue effort
943,943,Viola,LightCyan represent
944,944,Hurdy Gurdy,MediumAquaMarine drug
945,945,Piano,SpringGreen prepare
946,946,Didgeridoo,Bisque become
947,947,Kazoo,DarkGray Democrat
948,948,Piano,Red high
949,949,Hurdy Gurdy,DarkOrchid inside
950,950,Kazoo,Beige light
951,951,Kazoo,DarkGoldenRod hot
952,952,Violin,PaleGreen western
953,953,Violin,MediumPurple possible
954,954,Didgeridoo,OrangeRed trial
955,955,Piano,CadetBlue agent
956,956,Drums,Linen television
957,957,Violin,White turn
958,958,Kazoo,PapayaWhip race
959,959,Tambourines,GreenYellow fine
960,960,Kazoo,DarkGoldenRod forget
961,961,Viola,SkyBlue provide
962,962,Hurdy Gurdy,LemonChiffon party
963,963,Piano,LightCyan politics
964,964,Didgeridoo,Plum defense
965,965,Guitar,Sienna push
966,966,Piano,Crimson worry
967,967,Violin,LawnGreen space
968,968,Guitar,PaleGreen guess
969,969,Drums,MediumVioletRed stock
970,970,Drums,Tan television
971,971,Kazoo,SkyBlue seek
972,972,Violin,OrangeRed sport
973,973,Hurdy Gurdy,DarkSeaGreen behavior
974,974,Violin,LightYellow board
975,975,Guitar,OrangeRed control
976,976,Kazoo,GhostWhite can
977,977,Hurdy Gurdy,DarkRed shake
978,978,Tambourines,Wheat me
979,979,Piano,DarkRed person
980,980,Kazoo,BlueViolet week
981,981,Viola,SandyBrown control
982,982,Tambourines,Black agent
983,983,Guitar,LawnGreen toward
984,984,Hurdy Gurdy,YellowGreen man
985,985,Guitar,PaleVioletRed above
986,986,Viola,PeachPuff yet
987,987,Violin,Gray blue
988,988,Violin,LightBlue suddenly
989,989,Viola,SkyBlue meet
990,990,Didgeridoo,DarkSlateGray return
991,991,Guitar,DarkBlue who
992,992,Didgeridoo,Moccasin so
993,993,Kazoo,DarkCyan choose
994,994,Kazoo,Lavender inside
995,995,Kazoo,SeaGreen interesting
996,996,Kazoo,SpringGreen marriage
997,997,Violin,DarkGreen physical
998,998,Didgeridoo,Crimson step
999,999,Guitar,Moccasin without
1000,1000,Didgeridoo,PaleTurquoise dinner
