Turquoise way argue,1975-10-11,East Lisa,1
DarkSalmon computer community,2004-09-19,Yolandafurt,2
SkyBlue tonight leave,2008-08-19,Angelaview,3
Maroon any option,2016-06-11,Rodriguezport,4
AliceBlue operation some,1986-11-12,North Maxstad,5
LightGreen foreign themselves,1993-03-17,New Robert,6
PaleVioletRed character his,1980-11-26,Lake Johnton,7
Tan particular face,1995-05-01,Port Robert,8
Gold thought effect,1978-05-15,Lake Danielleshire,9
Lavender quickly truth,2009-11-14,Barbaraton,10
OrangeRed either thus,2001-05-14,Younghaven,11
RosyBrown rise mouth,1982-10-14,New Tiffany,12
AntiqueWhite quickly lot,2004-12-09,Stuartville,13
SaddleBrown rest approach,2003-12-28,South Kenneth,14
Salmon behavior plan,1996-08-13,Melanieland,15
MediumVioletRed upon for,1976-10-10,Harrisonmouth,16
DimGray performance provide,1995-01-02,South Jonathan,17
MediumVioletRed character first,2003-12-03,North Jamesberg,18
IndianRed young hot,2002-03-30,Port Amy,19
Orange education protect,1985-01-04,East Elizabethton,20
DarkSlateBlue letter something,2011-12-03,West Cindyhaven,21
LightSlateGray major evidence,1998-08-17,Hollyfurt,22
DarkKhaki what within,2001-07-26,Sydneyland,23
DarkOliveGreen sign really,2000-06-18,Wallerbury,24
Azure yard around,2006-04-18,Lake Matthew,25
Tan data region,1992-10-16,Jacquelineport,26
Black religious husband,2005-01-09,West Michael,27
Orange almost memory,1988-04-04,Port Michael,28
BlueViolet music participant,1999-08-22,East Hunter,29
SeaGreen old determine,2005-10-07,Allisonbury,30
White point now,1987-01-15,Harrisonville,31
DimGray very gun,1977-06-20,Rachaelmouth,32
LightBlue remain reveal,1981-09-30,Port Ashley,33
LightGray per dog,1976-06-05,Melvinburgh,34
DarkSeaGreen suddenly wonder,1982-05-01,Ryanfurt,35
OliveDrab ability base,2013-06-15,East Randallfort,36
Khaki call only,2001-07-28,Vincentchester,37
Turquoise run cultural,2007-08-23,Goodwinborough,38
Magenta these movie,1976-01-29,Perezchester,39
PeachPuff scene plant,2011-11-17,Rebeccaton,40
LimeGreen full dinner,1979-07-08,North Jessicaside,41
Red finally indicate,2002-11-28,Hughesburgh,42
Green blood develop,1984-05-12,Port Pamela,43
SlateGray various off,1985-07-30,Jonathanburgh,44
SkyBlue answer fly,1998-06-09,Isaiahchester,45
Salmon baby age,2006-01-22,Carrillohaven,46
DarkOrchid property quite,1981-12-22,Lisaville,47
Peru which yourself,1972-11-21,Cantrellshire,48
LightSlateGray career walk,1977-02-06,West Devin,49
SkyBlue ago buy,1983-08-09,Millerchester,50
SlateGray dinner red,2015-09-30,Port Joshuamouth,51
Orchid project report,1986-04-08,Russellfurt,52
SkyBlue old allow,2016-09-03,New Brianville,53
PaleTurquoise later set,1971-02-07,West Allisonfurt,54
MediumTurquoise attack economic,2009-11-14,Petersonborough,55
DeepPink rock deep,2007-06-18,Lake Karamouth,56
Bisque gas rich,1982-04-17,Carsonberg,57
MediumSlateBlue wind truth,2002-11-14,South Amandastad,58
DimGray current current,1992-03-08,Hudsonmouth,59
LightCoral look especially,2012-03-21,Simmonsberg,60
DarkRed crime wall,1975-02-20,East Shawnport,61
SlateGray half industry,2016-07-04,Ernestbury,62
AntiqueWhite name year,1974-08-22,Matthewbury,63
CadetBlue recent cut,1995-11-27,South Johnport,64
DarkSeaGreen important its,1979-05-25,Donnaview,65
Olive community economic,1993-11-30,Lake Cheryl,66
AliceBlue identify own,1982-09-08,Evansland,67
FireBrick maintain voice,1982-06-05,Allenborough,68
Teal make thing,1976-06-01,Lake Rodneyland,69
HoneyDew spend finally,2014-05-12,East Nicole,70
DimGray little across,2015-09-17,Michaelmouth,71
Crimson statement building,1997-11-15,Joseport,72
DodgerBlue source chance,2006-03-23,Marshallfort,73
Yellow draw build,2013-10-07,New Angela,74
FireBrick image nice,1974-06-03,Mcneilberg,75
SeaGreen form head,1992-08-18,South Dianeberg,76
LimeGreen scientist family,1970-11-29,Rhondatown,77
LavenderBlush establish create,2006-05-20,Christopherland,78
IndianRed police growth,2018-12-02,Marshbury,79
CadetBlue box where,1970-01-03,West Joseph,80
MediumSpringGreen worker coach,2000-04-19,Davidside,81
Salmon unit us,1986-01-14,Brianchester,82
MintCream chair hair,1974-01-15,Port Amber,83
MediumOrchid final show,1980-02-11,Danielhaven,84
BlueViolet respond player,1988-01-05,Pattersonburgh,85
MediumBlue natural before,1980-06-10,Port Edwinside,86
Moccasin senior write,1970-12-05,Warrenville,87
DarkKhaki off apply,2019-11-05,West Vanessa,88
LightYellow teacher guess,2000-06-25,Simmonsmouth,89
DarkSlateBlue finally better,1978-12-29,Greenetown,90
PaleGoldenRod provide PM,1985-05-23,East Joseph,91
PeachPuff million drop,2003-09-30,Lake Melanie,92
DarkSlateBlue couple site,1987-08-11,Hamiltonmouth,93
Snow spring describe,2000-10-12,West Thomas,94
LightSlateGray study first,2009-04-13,North Matthewmouth,95
SeaShell court expert,1998-08-26,West Anthonyhaven,96
FireBrick adult term,1974-12-03,Barnetttown,97
MediumTurquoise anyone produce,1976-04-29,Smithmouth,98
YellowGreen letter a,2003-01-10,Lake Travisfort,99
RosyBrown perhaps thank,1978-04-17,Jenniferstad,100
Cyan claim building,2001-03-21,Victorstad,101
LemonChiffon available ground,1976-01-04,Hinesborough,102
SlateGray specific time,1978-12-06,Lake Kathrynshire,103
Azure knowledge can,1983-02-16,North Craigland,104
MediumAquaMarine wind new,2016-02-25,Port Kenneth,105
DeepSkyBlue while who,1991-01-07,New Dakota,106
LemonChiffon street administration,1975-06-06,Claudialand,107
Aquamarine point total,2019-06-03,Garciahaven,108
SteelBlue play move,1987-05-30,East Julieborough,109
DarkBlue choice difference,1970-01-23,Williamfort,110
DarkTurquoise article money,1987-04-04,New Lisahaven,111
Cyan case spend,1983-03-15,Kevinfurt,112
LightGoldenRodYellow meet message,1995-12-19,West Heather,113
LightSkyBlue spend kind,1995-03-28,Lake Michaelburgh,114
CornflowerBlue team police,1981-10-04,Lindaton,115
FloralWhite none memory,1975-07-11,Scottville,116
SeaShell rest one,1987-05-13,West Tara,117
Chocolate police my,1971-06-15,Lake Lynn,118
Ivory drug live,1992-05-29,Patriciafurt,119
LightBlue real nor,1974-05-30,East Dariusville,120
DimGray record team,1977-10-07,Joneschester,121
DarkBlue expect tax,1971-08-09,Lake Carrietown,122
BlueViolet cell each,1988-09-18,Ramirezshire,123
LightYellow just prove,2018-03-08,Teresaland,124
DarkGoldenRod bring no,1974-08-30,Myersland,125
DarkMagenta pick radio,1986-09-19,Hancockmouth,126
Wheat another decade,1977-07-25,Jenkinsview,127
AliceBlue discuss local,1974-05-16,Port Daniel,128
PeachPuff bag radio,1989-11-29,Jasmineton,129
LightGray something why,2020-03-02,Evanstown,130
LightSalmon case if,2010-10-23,Davisfurt,131
DarkSeaGreen involve night,2008-07-20,Teresamouth,132
DarkSeaGreen TV agreement,1987-07-20,Morgantown,133
GoldenRod human long,1981-02-27,Cannonburgh,134
Wheat leader rate,2006-03-06,Michelleland,135
PapayaWhip stop arrive,2011-10-18,Brentburgh,136
PaleTurquoise century type,2011-01-15,Perezville,137
GoldenRod plan level,1991-04-25,East Vanessaton,138
DeepPink important career,1995-02-28,Melissabury,139
Maroon bring despite,1973-07-07,Richchester,140
Fuchsia out hundred,1988-02-08,Monicaport,141
Sienna pass current,2004-10-15,Port Charlotte,142
CornflowerBlue cover me,2019-06-09,Josestad,143
Tan institution employee,1987-03-31,Dillonberg,144
Linen car list,1994-09-18,Calvinmouth,145
SkyBlue response many,1990-01-09,New James,146
LemonChiffon take send,2019-05-02,New Wanda,147
DarkSlateBlue focus party,1979-01-30,North Nathan,148
LawnGreen then have,2007-09-16,Walkerport,149
AntiqueWhite education score,1983-08-16,New Krystalside,150
LightSalmon high authority,2010-11-12,Pamelachester,151
SkyBlue movement hotel,2019-10-11,Tonyafurt,152
Purple type bill,2001-06-28,Jessicaburgh,153
PowderBlue responsibility throughout,2012-10-09,Jonesside,154
IndianRed you onto,2013-10-04,Walterfurt,155
Pink coach travel,1986-12-18,Lake Barbarafurt,156
AntiqueWhite arm brother,2018-01-12,Nelsonmouth,157
Tan paper care,1983-12-04,Robertton,158
Green town toward,1970-03-09,Longfort,159
Cornsilk window sound,2012-12-09,North Devin,160
Coral rise significant,1970-01-22,Phillipsbury,161
MidnightBlue program herself,1995-05-02,Hortonhaven,162
MintCream who blood,1983-01-27,New Tammy,163
Purple out hand,1986-02-18,South Jeffreyshire,164
SandyBrown leader I,1985-12-16,East Amandaberg,165
SlateGray program political,2002-06-21,Jasonchester,166
LightSeaGreen join film,2020-07-07,Williamshaven,167
MediumBlue would candidate,1991-03-11,Port Alexandra,168
BlueViolet fine particularly,2009-12-20,Valenciaborough,169
Wheat offer poor,1987-07-30,Amyton,170
CadetBlue save wind,1972-02-28,Burkeview,171
Cornsilk deal community,2014-04-25,Jamesfurt,172
Turquoise sign make,2018-08-31,Lake Heidi,173
DimGray consumer in,2003-03-06,North Nicole,174
Yellow training hope,1996-09-03,New Kevin,175
PapayaWhip protect scientist,2005-04-02,North Dawnchester,176
DarkGray college claim,1999-06-23,Caitlinchester,177
Gold appear activity,2008-11-14,East Beverlyfort,178
MediumAquaMarine member maybe,1989-06-16,Port Cameronshire,179
SpringGreen pay describe,1984-10-26,Brandonton,180
LightBlue discover subject,1999-06-17,South Christopher,181
LightGray instead skin,1981-03-09,West Jimmy,182
SlateBlue its reveal,1987-11-05,Camposton,183
RoyalBlue activity factor,2003-07-10,West Johnhaven,184
Wheat scientist want,1974-10-30,Chaneyfurt,185
Aqua next material,2020-05-14,West Brettburgh,186
Plum anything crime,1983-05-28,New Jessicaside,187
Bisque international she,2008-01-31,Smithton,188
DarkSeaGreen exactly per,1979-02-19,West Vincent,189
Teal discussion new,1972-08-20,Josephport,190
DarkRed last people,2001-11-23,West Mark,191
DarkGreen audience leader,1990-05-15,North Christopher,192
LimeGreen set participant,1982-10-18,Lukestad,193
DimGray major space,1993-08-27,Stephensonshire,194
Orange game draw,1998-02-04,South Gregory,195
LightBlue product reason,1970-08-01,Lake Garyville,196
LightBlue quality week,1991-04-29,Gainesmouth,197
SlateBlue out herself,2011-05-21,West Kennethshire,198
White condition executive,2001-12-25,Port Melanie,199
RosyBrown nothing another,1998-04-30,South Steven,200
Gold really financial,1980-06-29,East Alejandrohaven,201
MistyRose happy dark,2014-09-24,Justintown,202
Teal project individual,1993-04-20,Christophermouth,203
Plum along benefit,1983-06-28,Allenhaven,204
GoldenRod issue drug,2018-01-16,East Martin,205
OliveDrab political tell,1992-12-12,North Jameschester,206
Salmon energy beat,1976-09-07,New Lisafurt,207
DarkViolet reach produce,1996-01-01,Owensport,208
Red level gun,2012-07-31,Williamsburgh,209
DarkCyan world level,1972-12-16,Moorestad,210
Pink kitchen camera,1982-07-05,Lake Alexanderberg,211
Green add chair,1971-03-16,Port Pamelaborough,212
DeepSkyBlue section near,1979-09-23,Ramirezbury,213
Cornsilk buy may,1973-03-16,Donaldside,214
BlanchedAlmond worker because,1999-01-11,New Brettborough,215
Orange month quite,1981-07-05,Laneborough,216
SlateGray include hotel,1984-11-18,South Veronica,217
Beige team professional,1975-03-27,Moralesmouth,218
DimGray rise public,1978-08-26,West Deborahborough,219
MediumPurple government issue,1973-01-01,Port Williamstad,220
BlueViolet material beyond,1976-12-14,Villegasport,221
OliveDrab father the,1986-06-14,Mitchellview,222
MediumSpringGreen enjoy including,1972-05-19,Jonesstad,223
MediumSeaGreen item contain,1995-08-22,Ruizchester,224
SeaShell make drop,1971-07-28,Michaelborough,225
DarkGray bank sea,1984-05-15,West Thomasmouth,226
LightCoral could city,1999-05-05,North Kevinmouth,227
LightCyan three staff,2015-08-20,West Craigport,228
MediumSlateBlue sound camera,1990-02-17,Brianshire,229
HotPink manager wish,2009-07-25,Sandrahaven,230
DarkOrange land series,1983-10-16,West Sylvia,231
LightSeaGreen series goal,1982-03-07,West Richard,232
Crimson same meet,2011-04-15,Kennethtown,233
DarkSlateGray property figure,2000-08-19,Jessicaville,234
Black answer financial,1972-11-03,Andreaside,235
Chocolate to happen,1995-03-04,New Richardville,236
DarkGray artist forward,2016-04-12,Christopherton,237
Ivory data notice,1981-11-08,Bradleyborough,238
SeaShell central safe,1983-11-15,Lake Jeffrey,239
White institution concern,1981-06-03,Parkberg,240
DarkSeaGreen society natural,2003-03-07,North Susanmouth,241
LightSeaGreen reflect bring,1977-04-16,Lake Elizabeth,242
HotPink beyond believe,1985-01-05,New Ashley,243
FireBrick whole shake,1980-02-12,Bethview,244
SteelBlue bad our,2020-07-11,East Pamelahaven,245
Peru into buy,2002-12-16,Nancybury,246
LightSeaGreen itself dark,1992-09-14,Bryanttown,247
LawnGreen member from,1996-05-06,Marytown,248
MediumAquaMarine type employee,2004-06-12,West Davidland,249
Indigo somebody message,2013-06-17,Anthonyshire,250
DarkOrange sell success,1986-01-21,Lake Bryan,251
DimGray ok movie,2018-03-30,Ronaldtown,252
LemonChiffon throughout role,2002-03-28,Garciaborough,253
GreenYellow within me,1978-07-02,Welchfurt,254
Pink city central,2020-04-11,Cowanhaven,255
LightSalmon difficult imagine,2002-11-26,North Mariaburgh,256
DimGray oil game,2010-06-16,Morganmouth,257
Brown energy record,1977-07-08,New Maryton,258
MediumOrchid commercial better,2016-12-07,East Bethanymouth,259
Black without impact,2003-05-10,Smithton,260
LawnGreen school according,2014-02-27,North Juliaberg,261
RosyBrown expect face,1970-03-29,North Dennismouth,262
MediumSeaGreen often material,1978-11-21,West Nicoleberg,263
Ivory edge foreign,1971-06-21,North Jennifermouth,264
DarkSalmon measure oil,2007-01-24,Sarahshire,265
Purple present film,2007-06-07,Jonathanton,266
SeaShell sort much,2009-06-15,North Elizabethburgh,267
NavajoWhite listen be,1975-04-22,Jeffreyborough,268
SteelBlue early condition,2000-09-29,Mahoneyshire,269
SeaShell answer choose,1990-06-26,West Meghan,270
LightSlateGray international idea,1996-10-25,East Kimberlyport,271
HotPink bank involve,2012-03-31,New Richardhaven,272
DarkGoldenRod rate suddenly,2015-05-26,Lake Walter,273
DimGray air blue,2012-02-13,Lake Alan,274
Linen situation occur,2016-08-20,Harrisonport,275
Gold animal boy,1973-07-31,Esparzabury,276
Aquamarine wish trouble,2001-03-12,Thomasfort,277
Wheat be edge,1975-03-31,Michaelmouth,278
LightSteelBlue season share,2007-09-06,Alanchester,279
SeaGreen hand manage,2009-08-02,Jessicaview,280
BlanchedAlmond at leg,2005-07-11,South Andreastad,281
BurlyWood someone share,1977-01-30,Carolport,282
Ivory thus close,1993-07-24,New Michaelton,283
Turquoise poor opportunity,1992-12-15,North Jessicachester,284
PaleGreen operation pull,1989-03-12,New Stuart,285
SeaShell wear war,1983-01-03,South Russellport,286
MistyRose she those,1991-11-09,South Brian,287
Gainsboro follow receive,1974-10-20,Moranfurt,288
Magenta win address,1970-10-25,Anthonyside,289
SteelBlue east song,2003-06-06,Lake David,290
DarkSalmon team day,2020-03-10,South Craigland,291
GoldenRod again total,2020-02-19,Christopherview,292
Purple more teacher,2016-08-13,Bethton,293
DodgerBlue final realize,2007-07-10,Valdeztown,294
HotPink east large,1980-04-16,South Cole,295
LightGoldenRodYellow go difference,1986-05-27,Nicolasburgh,296
Lavender late believe,1998-01-29,Kelseyview,297
LightYellow with education,2012-08-25,Ronaldstad,298
LightGreen action join,1992-04-09,Christophermouth,299
PaleVioletRed four any,1977-01-26,Wolfville,300
Green seem into,2002-03-28,New Charles,301
Lavender member religious,1988-07-09,Robertmouth,302
LightSkyBlue western front,2001-08-05,Cynthiaview,303
Orange until gun,1979-07-17,Montgomeryland,304
Sienna represent agree,1970-10-01,Crosbyside,305
Lavender seek thing,1974-10-17,Mooreside,306
DarkBlue tend social,1998-11-07,North Megan,307
LemonChiffon thousand benefit,1974-09-29,South Brettberg,308
DarkTurquoise others election,2002-09-27,East Benjamin,309
SandyBrown policy concern,1994-12-05,Craigfort,310
DarkSalmon act drive,2004-07-11,Port Andreamouth,311
HotPink market sign,1983-01-01,Lake Lindafort,312
HotPink measure happy,2006-11-18,Kristinville,313
Ivory its stay,2012-05-03,Loriview,314
Cyan official statement,1984-02-01,Port Jonathanborough,315
Red brother investment,2018-05-10,Davisside,316
Blue thought new,1981-05-29,East Tylerbury,317
MidnightBlue go scene,2010-12-25,Kelseybury,318
LightSkyBlue beautiful our,2009-05-18,Andrewstad,319
MidnightBlue list water,1993-11-08,Pottsport,320
Olive movie effect,1975-05-19,New Glenn,321
MediumPurple goal since,1991-12-16,Tinashire,322
LightGreen store public,1997-09-20,Butlerville,323
NavajoWhite relationship market,1993-08-24,East Dillon,324
BlueViolet mean back,1998-11-18,East Edward,325
Navy unit once,2013-11-13,Angelastad,326
Lime professor message,1979-07-08,Wisestad,327
HoneyDew lay ok,1973-04-02,Elliottland,328
PeachPuff establish third,2014-05-15,Emmaland,329
Beige century investment,2018-03-18,West Gwendolynmouth,330
LightBlue could important,1980-07-23,New Johnfurt,331
Green prove understand,1970-12-27,Allenmouth,332
DarkViolet score idea,1989-06-09,New Heidi,333
DeepSkyBlue result language,1977-11-25,South Nicoleberg,334
GreenYellow sense late,1979-02-04,Port Erica,335
RosyBrown believe term,2003-04-03,South Tyler,336
Teal serious arrive,1980-10-19,South Kyleside,337
Gainsboro firm family,2005-12-26,Lake Reneeshire,338
Khaki capital however,1992-02-10,Sosahaven,339
Khaki rest prevent,2010-11-21,Middletonmouth,340
DarkTurquoise customer crime,1976-12-30,Joyceside,341
MistyRose strategy wish,1975-06-28,Jacksonmouth,342
PaleGreen yeah guess,2018-06-22,Port Timothy,343
OrangeRed sometimes home,1992-10-31,Carolport,344
Aqua event rest,1990-12-01,South Reginaside,345
DarkSalmon wall policy,2001-11-02,West Erik,346
LightBlue probably spend,1995-05-16,Ashleyhaven,347
LightCoral get dinner,1992-03-30,Lake Shawn,348
SpringGreen quality war,1993-07-24,Lake Amy,349
MediumVioletRed stuff through,1997-06-12,Bestchester,350
Teal game cause,1983-03-11,East Jeremy,351
YellowGreen develop recent,1984-12-23,Port Tommyburgh,352
DarkKhaki technology notice,1979-03-11,Averyberg,353
CadetBlue group single,2009-11-29,New Teresaland,354
DimGray family today,2006-01-21,Geraldshire,355
LavenderBlush blue least,2006-10-22,Patrickfort,356
BlueViolet event with,1993-06-30,South Tammyfurt,357
Gainsboro safe act,2014-10-10,Nancyville,358
Ivory art believe,1985-06-27,Wallsfurt,359
LightGray cultural if,1991-01-15,Jenniferville,360
Bisque blood scientist,2001-03-22,West Brian,361
Tomato into personal,1984-11-18,Aaronshire,362
Tomato ago focus,2009-07-31,Emmaville,363
RoyalBlue fish wonder,1976-02-25,Benjaminport,364
Teal theory because,2006-10-23,North Robertfort,365
Cornsilk brother participant,1992-01-11,Michellefort,366
SpringGreen she agent,1991-08-12,South Christopher,367
Cyan friend apply,1978-12-06,Robinhaven,368
Turquoise under other,1990-07-06,Nicoletown,369
Snow north likely,1978-12-19,Davisborough,370
MediumVioletRed few term,1975-04-20,New Meghan,371
PaleGoldenRod continue despite,2012-07-17,North Brittany,372
DarkSeaGreen meeting process,1978-03-30,Stephaniemouth,373
Turquoise social over,2016-09-28,Allisonport,374
IndianRed bring each,2011-12-24,Samanthamouth,375
DarkRed stay executive,2020-04-20,Williammouth,376
Green music however,1972-07-07,Jacksonborough,377
MediumOrchid animal play,1975-06-04,Brownberg,378
RoyalBlue matter be,2019-08-21,Carterton,379
Coral or unit,1975-12-21,Port Courtneytown,380
BlanchedAlmond any day,1998-02-22,New Loriton,381
Snow always shoulder,1989-07-12,Angelashire,382
Tomato new loss,1972-04-26,Leemouth,383
LightSlateGray painting alone,1995-11-13,East Diana,384
MintCream enough return,1999-09-03,Port Kelseychester,385
Sienna director prepare,2008-05-24,New Laura,386
Gold explain teacher,2009-05-09,Nancymouth,387
Red catch company,1999-05-08,North Heather,388
DarkOliveGreen most produce,2015-08-04,Brendanfurt,389
SteelBlue which nothing,1988-12-29,Serranoburgh,390
MidnightBlue attention piece,2015-04-24,Lake Ronaldton,391
Silver phone season,1974-11-30,New Kimberly,392
DeepSkyBlue city best,2016-07-20,North Brian,393
PeachPuff second result,2001-05-27,Port Amyberg,394
DarkViolet also sense,2006-01-25,South Lauraport,395
MintCream political minute,1989-11-26,Catherineshire,396
PaleTurquoise poor leave,2011-09-28,Jonathanville,397
Indigo fly box,1990-05-25,West Jessicaland,398
SlateGray beat two,1971-01-14,Davidview,399
Ivory lawyer attention,2013-04-27,Vernonbury,400
MintCream capital real,2009-07-09,Port Thomasfort,401
CadetBlue growth recent,2011-08-10,South Raymond,402
DarkKhaki control compare,1976-12-03,Adamchester,403
DarkOrange song mention,1977-07-22,Port Nancy,404
CadetBlue person remember,2004-10-31,Port Nicholasport,405
DarkOliveGreen career condition,1987-01-02,North Kristin,406
AliceBlue today wish,1990-10-26,Lake Kimberlyfort,407
LightSalmon administration staff,2000-12-04,Port Jackieland,408
FloralWhite represent sea,2000-05-26,West Davidville,409
DarkGray power particularly,1985-01-30,Jonathanborough,410
WhiteSmoke foot physical,2000-02-22,Douglasfort,411
LightPink else might,1998-02-23,East Daniel,412
Linen require be,1974-04-08,Loriburgh,413
Orchid fund book,1987-10-12,Priceshire,414
ForestGreen glass region,2008-09-26,North Juliehaven,415
MediumTurquoise meet hotel,1984-06-25,Port William,416
DarkCyan recently space,2015-08-18,Elizabethfort,417
DeepPink add song,2014-10-05,Simmonsburgh,418
Pink affect entire,1977-10-12,Williamsmouth,419
DeepSkyBlue improve shoulder,1973-12-21,West Coltonhaven,420
OliveDrab growth girl,1991-07-26,Lake Davidview,421
Gold too successful,2004-12-17,East Anthony,422
CornflowerBlue head throw,1980-01-09,West Brandonmouth,423
Aquamarine identify to,1980-04-29,New Douglasshire,424
SteelBlue quite but,2004-03-03,West Brianview,425
GoldenRod over task,1976-02-09,West Kristopherhaven,426
MediumVioletRed again yeah,1970-10-24,New Rebeccaburgh,427
FireBrick buy recent,1986-09-15,Robertmouth,428
Lime down role,1975-10-16,Adkinshaven,429
OliveDrab method away,1985-11-13,South Abigailville,430
WhiteSmoke dream relationship,1975-11-19,East Danielmouth,431
BlueViolet behavior brother,2010-01-06,North Markville,432
DarkGreen finally world,1998-08-16,South Marcusstad,433
Teal table major,1996-01-24,Scottport,434
LightPink contain only,1983-01-13,Anneville,435
LightPink million range,2000-07-06,Lake Michaelhaven,436
DarkOliveGreen over time,1989-08-26,East Manuelside,437
CornflowerBlue Congress weight,2020-07-27,South Mary,438
DarkOliveGreen area red,1974-08-02,Keithfurt,439
DarkOrchid such high,2005-08-16,South Jeffrey,440
Salmon market nation,1978-07-07,Lake David,441
PaleGoldenRod political catch,1991-06-20,Christophershire,442
MediumSlateBlue single change,2014-11-07,Port Sarah,443
Tan member against,2018-04-11,Davismouth,444
Gold upon site,1992-08-17,Marybury,445
Magenta challenge cause,2003-12-19,New Brentshire,446
Pink event run,1974-08-03,Meadowsshire,447
DarkCyan cover dog,2018-05-01,East Ronaldbury,448
Cyan item agree,1976-09-15,Brownfurt,449
Green serve detail,1995-06-11,East Sara,450
WhiteSmoke instead indeed,1977-01-26,Carlaton,451
OrangeRed television structure,1982-07-26,Lake Terry,452
Khaki example speak,1999-01-15,Nicholasside,453
PapayaWhip exactly such,1976-12-31,Lake Kenneth,454
DarkCyan less lay,2008-12-01,North Davidstad,455
SeaGreen available choice,1978-01-09,North Williamstad,456
PapayaWhip up list,1985-01-24,South Wandaberg,457
MintCream bit when,2006-01-20,Melissaview,458
PaleVioletRed main strong,2012-04-05,Port Richardfort,459
Gold cold fact,1990-10-29,South Monica,460
Coral talk idea,2015-04-04,Reillyville,461
LightSteelBlue cost minute,2019-05-07,Petershire,462
Thistle issue lot,1971-07-06,Lake Joseph,463
Moccasin member more,1992-04-04,Leeport,464
Navy exist herself,2020-05-27,South Lisa,465
Azure detail and,2000-11-30,Foleymouth,466
Black toward conference,2019-12-01,Cooperhaven,467
BlueViolet animal assume,2010-07-18,Robinsonfort,468
BurlyWood in standard,1982-05-25,Alexanderland,469
LightCoral song couple,1994-02-18,Cookport,470
LightSlateGray about into,1984-08-31,Johnsonville,471
SeaShell red reality,1974-09-25,Garciatown,472
Maroon unit discussion,1971-10-17,Kennethhaven,473
MediumTurquoise practice attorney,2010-03-31,Browningburgh,474
Teal memory performance,1988-04-15,Carlabury,475
DarkBlue town say,2011-04-15,Port Guymouth,476
Cyan city avoid,1985-11-17,Omarborough,477
RoyalBlue during as,2019-04-17,Brianmouth,478
DarkSlateBlue able not,2010-12-16,Hoodview,479
WhiteSmoke southern develop,1984-02-25,North Patriciaborough,480
LightCyan design happen,2018-02-25,South Chelsea,481
DarkCyan appear authority,1983-07-07,Shermanside,482
SeaShell item resource,2018-08-13,Robertton,483
LightPink available ball,1979-03-15,Adamsfort,484
Salmon special front,1972-07-14,East Michael,485
MediumPurple save itself,1979-04-17,Jacquelinebury,486
RosyBrown sit need,1974-03-16,East Angela,487
DarkRed stop nothing,2016-04-20,Port Karina,488
Coral history woman,2016-12-12,West Rebeccaburgh,489
Peru yet less,2005-05-25,Matatown,490
Navy issue speech,2003-12-07,Glendaburgh,491
Thistle upon indicate,2001-07-21,Hartton,492
Lavender drop own,2005-08-18,Fosterview,493
MistyRose soon stock,1995-06-13,Lake Carrieberg,494
Thistle season money,1986-09-17,Aprilshire,495
Cyan wish available,1976-05-17,Martinmouth,496
OldLace product consider,1997-06-26,Joelstad,497
Sienna thousand break,2016-02-29,North Michaelmouth,498
Lime hold would,1971-12-06,Armstrongbury,499
IndianRed second watch,1977-06-30,Gardnerborough,500
Linen meeting once,1996-02-07,Bennettton,501
Gainsboro myself dog,1986-11-13,Hannahfort,502
Cyan once role,1977-07-18,Port Sharonfurt,503
Ivory star discover,1977-04-20,Port Jessicaport,504
Salmon body face,2002-09-11,New Stephaniebury,505
Linen law last,1971-12-18,Crystalchester,506
RosyBrown yes officer,1993-08-24,Duncanhaven,507
SaddleBrown court almost,2014-06-28,Elizabethhaven,508
MintCream development structure,1990-06-29,Port Susan,509
DarkRed pass enter,1975-05-31,Bradleychester,510
Violet scene use,2005-01-16,Christyburgh,511
MediumOrchid thus laugh,1990-06-10,Port Jeffrey,512
ForestGreen recently situation,2002-01-29,Port Geoffreyberg,513
MediumSpringGreen sure board,1999-02-03,East Jasonbury,514
PaleGreen plan threat,2008-01-17,North Darrenport,515
DarkKhaki seek small,1994-06-15,Hallport,516
Magenta young be,2012-03-25,North Robertomouth,517
Gray development tree,1994-03-25,Proctorhaven,518
Orchid adult Republican,2017-09-27,West Gabriela,519
Salmon research consumer,2016-01-03,New Joseton,520
PaleTurquoise clearly instead,2015-02-03,North Josephville,521
Bisque question decision,1979-10-22,West Vincentberg,522
SpringGreen thousand though,2018-11-17,New Nicholasport,523
AliceBlue cold series,2002-09-04,Milesborough,524
Coral financial many,2001-04-05,Howellberg,525
Maroon radio mean,1992-12-16,Stevenstad,526
LightYellow great young,1976-03-27,North Charlesfort,527
LightCyan give else,2020-08-08,South Amy,528
MediumSpringGreen themselves class,2006-08-08,Garciaview,529
PaleTurquoise nation can,1977-12-03,Mcdonaldfort,530
DarkTurquoise situation film,1984-07-25,West Elijahstad,531
PapayaWhip improve industry,1979-10-26,New Danielfurt,532
PaleTurquoise article practice,1971-11-14,Rogersville,533
Tomato practice image,1970-04-16,Jaredport,534
DodgerBlue operation down,2001-11-01,Fernandoside,535
SandyBrown fund force,2006-11-23,Mooreside,536
Lime wrong Congress,2013-02-21,Sandramouth,537
MediumPurple teacher good,1982-07-04,Deckerstad,538
Cornsilk detail again,1993-01-02,Davidberg,539
PaleTurquoise foreign report,1979-02-18,New Crystal,540
Indigo central training,1997-11-17,Currybury,541
Coral send instead,2004-04-29,Martineztown,542
BurlyWood specific camera,2004-08-21,Port Christopher,543
MintCream defense plant,1979-10-14,South James,544
MediumBlue station determine,1995-12-10,Anthonyton,545
SlateGray amount pick,1983-12-06,Port Matthew,546
AliceBlue direction represent,1991-09-09,South Karenmouth,547
SlateBlue doctor dinner,1995-06-08,North Katelyn,548
PaleVioletRed morning realize,1991-08-05,New Christopherberg,549
HotPink industry almost,1988-03-28,East Angelamouth,550
Gold available themselves,1978-07-01,North Katherinemouth,551
Gold cell suffer,2010-02-16,New Kristine,552
Cornsilk spend east,1991-04-15,Allentown,553
Thistle able begin,1972-06-20,Benjaminview,554
LightYellow page sport,1994-07-27,Nicholasfurt,555
LightSeaGreen two member,2020-08-29,Watkinsland,556
MediumAquaMarine bed decision,1991-08-19,Nelsonberg,557
LightPink civil budget,2020-03-11,Swansonbury,558
CornflowerBlue race agreement,2011-06-18,Michaelview,559
Crimson point difficult,2011-09-03,Youngland,560
Crimson suffer but,1982-06-07,Mccoyhaven,561
DarkOliveGreen cultural reason,1994-11-13,Nathanton,562
SeaGreen become series,1993-01-16,Rodriguezfort,563
CornflowerBlue often require,2001-03-09,West Julie,564
PaleGreen house argue,1984-02-10,New Michele,565
LightSlateGray wish main,2010-11-01,New Annette,566
Chocolate relate over,1998-07-17,New Markville,567
LightSeaGreen leader beat,2004-11-21,Matthewberg,568
Red current ago,2001-11-23,Kennethville,569
Silver staff write,1992-11-08,Markmouth,570
Silver anything event,1999-02-13,Port William,571
LightSkyBlue fear development,1984-09-09,Karenberg,572
Maroon each performance,2003-11-11,North Whitney,573
Black structure up,1970-08-31,West Diane,574
Khaki trouble majority,2017-01-29,East Melissa,575
HoneyDew account one,2016-06-23,New Amanda,576
NavajoWhite fact brother,1996-01-13,Johnfurt,577
LimeGreen seem possible,1979-04-01,Lawrencefurt,578
OliveDrab become community,1970-11-24,Benjaminmouth,579
MediumPurple compare discussion,1978-10-05,Williamfort,580
Orange real artist,2005-10-18,Campbellfort,581
DarkMagenta recently describe,1997-11-04,Annside,582
LightSkyBlue understand understand,1981-05-20,North Alexandramouth,583
Orchid star today,2011-03-14,Kellyland,584
SlateGray up respond,1992-04-30,New Tanyaland,585
LightGreen on where,2011-06-11,Stevenmouth,586
LemonChiffon amount vote,2013-07-20,Salinasland,587
ForestGreen feel many,1989-02-11,Holtberg,588
PaleGoldenRod old fact,2019-10-18,East Jessicachester,589
PeachPuff high deep,1993-04-14,Isaachaven,590
Snow skin final,2019-12-07,East Larry,591
Bisque floor expert,1979-02-03,East Cynthia,592
LavenderBlush their industry,1985-11-08,Aprilberg,593
Lavender media explain,2002-04-15,Sanchezburgh,594
DarkSeaGreen serious beyond,1978-04-03,New Jordan,595
MidnightBlue fund feel,1975-06-29,Lake Amberstad,596
Green easy south,1977-12-02,North Donaldshire,597
Gray do something,2020-01-30,Brooksfort,598
GreenYellow family east,2011-03-08,Margaretburgh,599
LightBlue deep but,2002-08-04,Jeffreystad,600
RosyBrown positive table,1985-04-17,Adamshire,601
LightSkyBlue human room,2003-04-14,Barronview,602
MediumSpringGreen their seven,2019-11-19,North Annafurt,603
BlanchedAlmond huge much,1997-05-28,Lake Robertbury,604
ForestGreen list section,1970-09-24,Port Brandon,605
WhiteSmoke nothing approach,1992-11-05,New Jermaine,606
Navy contain level,1977-01-27,Christophermouth,607
LightSalmon here partner,1981-08-11,Port Frederick,608
Tan challenge body,2018-09-17,Herreraburgh,609
DarkOrchid dog million,1987-07-06,North Raymondborough,610
MediumVioletRed would bank,1977-10-26,South Scott,611
Gainsboro less suffer,1978-11-16,West Joseph,612
ForestGreen stage candidate,2008-10-04,Duarteville,613
Pink per young,2000-08-03,West Lisafort,614
LightSalmon although three,2008-06-22,Butlerchester,615
CornflowerBlue positive interesting,2007-05-23,Garciashire,616
Snow you majority,1993-06-08,Coxhaven,617
DarkKhaki cost consider,1973-06-17,North Megan,618
MediumSeaGreen somebody like,2014-06-17,Parksside,619
LightSalmon what child,2000-05-24,Patriciahaven,620
Navy mention field,2015-05-15,Port Josephburgh,621
OrangeRed realize sense,1990-02-25,Kristenchester,622
White general person,2017-07-06,Tuckerstad,623
HotPink word describe,2010-02-14,Port Sarah,624
LawnGreen ready run,2012-09-26,Elizabethburgh,625
LawnGreen media if,1986-05-20,Michelleton,626
ForestGreen office different,2012-02-22,Port Matthewton,627
DarkKhaki senior senior,1974-05-30,Villegasshire,628
NavajoWhite economy increase,2004-06-18,Yolandachester,629
GhostWhite environment court,2007-01-28,East Elizabeth,630
LavenderBlush season Democrat,2011-02-06,Robynfurt,631
LightCyan response head,1994-12-13,Palmerbury,632
Red office sea,1991-12-20,Craigville,633
Beige organization candidate,2014-08-23,Sharonburgh,634
Wheat find class,2006-11-21,Michaelmouth,635
PapayaWhip good contain,1995-07-31,Wangview,636
LightGoldenRodYellow general tend,1977-10-24,Douglasside,637
LightBlue speak stand,2016-02-19,Edwardborough,638
Snow center follow,1998-09-05,New Virginiaport,639
RosyBrown threat change,1976-11-03,Port Robertohaven,640
Lavender beyond condition,1993-06-15,Erintown,641
LightGreen leg watch,1987-02-08,North Kaitlynberg,642
SaddleBrown son magazine,1972-05-10,New Barbara,643
GreenYellow base place,2000-12-16,Lake Logan,644
Gray a police,2014-11-18,Dyerview,645
Chocolate focus modern,1981-06-08,Camposport,646
DarkViolet research forget,1994-05-31,New Daniel,647
Violet range because,2018-12-15,Gibbsport,648
DeepSkyBlue choose if,1971-08-19,Poncefurt,649
DarkTurquoise tough beautiful,1999-06-03,West Nicolasmouth,650
LightBlue goal analysis,1981-03-21,East Saraland,651
DarkRed card leg,2013-02-21,Jonesview,652
Fuchsia on nearly,2019-09-07,North Erica,653
PeachPuff west set,1985-12-02,Wallacemouth,654
BlanchedAlmond identify instead,1983-01-05,West Ricardoborough,655
Maroon rich account,2003-06-25,Morrismouth,656
HotPink base sing,1986-12-20,Dominguezburgh,657
FloralWhite look week,1977-02-15,Davidborough,658
White over dream,1987-04-05,Sarahland,659
FloralWhite tree though,2015-01-26,Port Lisa,660
Orange father decide,1985-01-24,West Meganmouth,661
SlateGray design finally,2020-05-13,Jordanfurt,662
DarkGray spend interview,1970-09-21,North Annette,663
Orange employee though,1995-03-11,South Natashatown,664
Aquamarine argue pretty,2010-05-30,Davismouth,665
DarkMagenta sense by,1996-09-11,South Sarah,666
Lavender year well,1981-07-13,Lake Ryanshire,667
Gold radio throw,1993-04-24,Washingtonside,668
Moccasin large any,2008-03-29,Port Michelleberg,669
IndianRed store claim,2007-08-09,Port Kennethville,670
SkyBlue fact majority,1971-09-12,Berrymouth,671
LightBlue miss contain,2000-06-06,West Christophertown,672
LightSkyBlue scene green,2007-08-04,New Diane,673
DarkOliveGreen friend fire,1974-07-08,New Jeffreyberg,674
DarkViolet material everything,2003-09-01,Port Oscar,675
Chocolate wall address,1990-01-14,Lake Amberfurt,676
AntiqueWhite physical keep,2014-11-09,Port Amychester,677
DarkBlue while value,1997-06-18,New Angelashire,678
LightSteelBlue area source,1990-02-19,Staceymouth,679
MediumOrchid build son,2020-11-07,Huffmouth,680
MediumSlateBlue air resource,1982-08-15,East Carolburgh,681
PaleGreen hold watch,2003-09-03,Lake Rhonda,682
Linen movie reality,1999-05-02,Phillipstad,683
GreenYellow claim accept,2020-11-17,Sheliafurt,684
RoyalBlue much although,1975-11-08,Lake Shaun,685
GoldenRod model Mr,1991-04-09,Ericashire,686
DarkGray amount great,1997-05-27,Kathrynshire,687
PaleTurquoise minute investment,2006-05-09,Bryantfurt,688
DarkRed whether shoulder,2008-12-19,Woodshaven,689
Teal son operation,2009-12-24,Port Markshire,690
CornflowerBlue study establish,1985-09-28,Alvaradochester,691
SkyBlue economy natural,2007-08-06,Bowenton,692
Khaki suddenly enough,2018-02-27,Stephensonshire,693
MediumPurple specific live,2015-07-20,Lake Timothy,694
MediumPurple interesting everyone,1977-01-10,Matthewview,695
LimeGreen move TV,1973-09-08,East David,696
OliveDrab include third,2018-09-12,Pereztown,697
MediumTurquoise a officer,1977-01-06,South Julia,698
LightSteelBlue statement buy,1999-02-05,Andreachester,699
Coral price sense,2012-11-11,New Brett,700
BlanchedAlmond open amount,1991-09-16,East Carlosfort,701
SeaGreen especially above,1974-12-14,South Andrew,702
YellowGreen professional simply,1977-06-20,North Jimmy,703
SkyBlue three professor,2006-10-05,West Carlos,704
Crimson including beyond,2019-09-06,New Justin,705
SandyBrown moment source,2018-03-12,East Charles,706
PeachPuff his wide,2010-02-10,Silvaport,707
Brown first expert,2010-08-02,Jamesborough,708
LightGreen carry toward,2018-11-02,Hudsonberg,709
Bisque authority must,2020-06-19,Lisaville,710
LavenderBlush American real,1970-07-18,North Joshua,711
MediumSlateBlue walk impact,2016-04-30,New Sylvia,712
LightSalmon factor hotel,1990-10-20,Port James,713
DarkGray yet issue,1996-10-25,East Williamberg,714
SeaShell sound west,2007-11-05,Josephview,715
Moccasin bag property,1994-09-23,Port Cathy,716
LightGreen parent call,2000-11-28,South Christopher,717
GoldenRod would page,2001-03-04,Vazquezberg,718
MediumAquaMarine less grow,1991-12-03,Lake Colleen,719
SlateGray continue teacher,2009-06-07,Ballland,720
DodgerBlue up effort,1982-11-11,Jonesmouth,721
SaddleBrown try story,2017-11-16,Kimberlyville,722
LightSteelBlue go system,1977-05-20,New Billyside,723
Lavender lawyer head,2007-12-14,Port Jacqueline,724
DarkTurquoise particular agent,1979-01-11,Collinsfurt,725
AntiqueWhite rock keep,1997-05-08,Lake Ryan,726
Pink avoid hand,2002-01-17,Hendersontown,727
DarkMagenta left to,1983-10-07,Dennisbury,728
LightSlateGray policy over,1974-09-04,Gonzalestown,729
Chocolate information man,1986-03-21,North Mary,730
LawnGreen participant message,1977-04-24,Jennifershire,731
MediumSpringGreen group gun,2013-08-23,West Gabrielbury,732
Linen who these,1985-08-26,Castroborough,733
Bisque daughter share,2008-06-25,East Michael,734
IndianRed rise better,1998-08-10,South Rachelburgh,735
CadetBlue wait to,1990-12-14,Wallerview,736
Orange brother to,2015-02-13,Lake Denise,737
LightGoldenRodYellow impact plant,2002-07-16,Lake Kenneth,738
Snow administration may,1973-04-21,East Raymondview,739
DarkSeaGreen brother store,2016-05-30,North Randall,740
DarkSlateGray available morning,2014-03-05,Fostershire,741
AntiqueWhite building window,1975-01-27,Deborahfurt,742
LightSteelBlue that dinner,2014-05-18,Millsland,743
Tomato national person,1989-03-19,Johnsonstad,744
LightPink just finish,1994-06-17,Goldenstad,745
DarkGreen every try,1998-02-07,Browntown,746
NavajoWhite more show,2001-01-02,Travisside,747
PaleVioletRed huge box,1998-08-04,North Melaniefort,748
Salmon film TV,1994-01-28,Lake Michaelchester,749
LawnGreen security in,2011-05-01,Rickview,750
GhostWhite nature network,2018-04-27,Perryshire,751
CadetBlue environment letter,2002-02-08,West Rebecca,752
Orchid fill run,2019-04-27,Freemanmouth,753
BlueViolet about increase,1992-03-03,Smithtown,754
OrangeRed exactly allow,2003-02-13,Rojasside,755
DarkGreen night thing,2015-02-13,Victoriabury,756
LimeGreen couple fight,1995-12-25,Byrdfort,757
MintCream beyond beyond,2019-10-09,East Dawn,758
SkyBlue difference leg,1984-10-18,Kristenfurt,759
GreenYellow these want,1976-08-09,Kristineport,760
Purple exactly soon,1991-11-06,Port Stephaniestad,761
Lime resource fine,1972-12-11,East Jasonville,762
LightSkyBlue the record,2012-09-22,New Greggville,763
LightSlateGray section save,1998-06-29,Elliottchester,764
Yellow whose word,1997-06-09,East David,765
LawnGreen page participant,1973-03-24,Williamtown,766
PeachPuff itself own,2016-09-28,Sandraborough,767
LightSlateGray thousand together,2001-08-30,Sarafort,768
OrangeRed put thought,1982-03-02,Wellsmouth,769
Magenta rate civil,2002-11-27,West James,770
AliceBlue like assume,1986-06-26,Sparksland,771
AntiqueWhite product left,2005-07-15,East Jerome,772
Gold hold memory,2019-06-30,South Gregory,773
Plum political move,1983-03-27,Greggton,774
DarkGoldenRod garden day,1999-05-23,Port Megan,775
SlateGray source talk,1988-12-22,Orozcoshire,776
Silver identify on,1978-05-31,East Jeremiahville,777
PaleGreen give anything,2007-10-12,Jennifermouth,778
DarkSalmon apply all,2019-09-18,South Brandon,779
BlueViolet region fire,2003-07-12,Port David,780
White bill low,1982-07-06,Brittanyton,781
Cyan lot man,1984-06-23,Williamsonchester,782
MintCream carry town,1982-09-17,South Nicholas,783
MediumOrchid respond medical,1971-08-29,Lake Donnaton,784
MediumOrchid cut especially,2018-01-11,West Olivia,785
Silver positive produce,2014-11-16,Murrayside,786
Snow large represent,1972-06-23,Lake Madeline,787
PaleGoldenRod without region,1972-10-19,Denisestad,788
SeaGreen fear argue,1994-08-13,Sarahland,789
LightGoldenRodYellow issue team,2000-07-31,Elliottmouth,790
MediumTurquoise sit sing,1983-02-26,Lake Jeffreyburgh,791
Lime despite become,2004-03-13,Georgehaven,792
DarkBlue contain impact,2012-05-20,Taylorville,793
Gray election number,2003-07-20,West Christopher,794
MidnightBlue western soldier,2007-03-04,West Dawnville,795
Gray child tonight,2006-10-09,New Sabrinamouth,796
Coral tonight rather,1984-07-05,West Regina,797
Tomato purpose course,2005-10-25,Meghanville,798
Green measure allow,2001-02-01,West Franciscoview,799
LemonChiffon environmental live,1994-09-27,Frenchville,800
Orange myself feeling,1991-03-15,West Katherine,801
Navy job right,2010-08-06,New Traceyport,802
LightSalmon street use,2013-08-26,Lake Amy,803
DarkCyan player sign,2002-07-22,Jonathantown,804
SteelBlue seat activity,2007-03-22,West Jenniferview,805
MediumPurple movie environment,1985-05-29,Robertburgh,806
MidnightBlue drive show,1974-11-30,Montoyachester,807
MidnightBlue drug usually,1990-12-20,Austinfort,808
DarkGray probably change,2016-12-18,East Janefurt,809
Aqua student eat,2015-07-09,East Mariahfurt,810
Black especially against,1996-10-04,Jamesmouth,811
DarkOliveGreen final if,2019-08-22,East Katelynhaven,812
Olive yard together,1975-04-14,Wernerside,813
LightBlue put training,1985-11-24,Kellyview,814
DarkOrchid Democrat including,2000-04-10,North Harryview,815
Beige quickly interview,2011-07-05,South Brittany,816
OrangeRed let tough,1991-05-10,Antoniofurt,817
SeaGreen finally common,1993-08-27,Chelseafort,818
LightPink sign sell,2006-10-05,New Mary,819
Tan interview old,1975-05-24,Grahamberg,820
DarkGreen support edge,2000-03-05,West Jessicachester,821
LemonChiffon walk these,1977-12-29,Colefort,822
DarkMagenta around good,1996-06-01,East Margaretborough,823
Cornsilk reveal already,1987-04-15,Port Kimberlybury,824
DarkViolet wall recent,1980-08-16,Amyborough,825
BlueViolet exactly never,2002-02-17,West Melissa,826
DarkGray western entire,1972-03-08,Lake Richard,827
DarkOliveGreen control exactly,2016-07-28,Kristenton,828
LightGray position specific,1979-01-05,North Patrick,829
DarkGray heavy light,2009-11-16,South Ryantown,830
Blue glass which,1983-01-30,Michaelberg,831
Chocolate best travel,2013-08-27,Lopezmouth,832
Thistle kid wonder,2016-04-09,Jaredmouth,833
Brown listen learn,2012-05-28,Timothystad,834
BlanchedAlmond one hard,2016-06-08,Lake Andrew,835
Lime tough size,1989-06-30,North Timothy,836
WhiteSmoke fear rest,2019-08-21,Mcdonaldtown,837
Gold century hear,2004-06-17,Martinezhaven,838
LightSlateGray between region,1971-10-21,South Rachelton,839
DarkGoldenRod discussion service,2008-03-02,South Sydneytown,840
GoldenRod other at,2006-06-01,Port Eric,841
DarkSlateGray can finish,2013-07-28,North Kevin,842
Gold ago bring,2020-03-03,Laurieburgh,843
Cyan card eye,2000-12-10,New Carolfurt,844
DimGray nor ok,1975-03-18,North Susan,845
FloralWhite for on,2011-10-21,Evansborough,846
White since recently,2020-06-19,North Pamela,847
Gainsboro or now,2011-03-07,Johntown,848
BlanchedAlmond down describe,1980-07-06,Royhaven,849
LightGoldenRodYellow create simply,2004-02-05,Port Sarah,850
DeepPink those range,1976-11-11,Bushbury,851
Green interesting than,1988-02-07,Allenville,852
DarkGray candidate style,1982-02-14,Port Andrewmouth,853
Maroon whose common,1980-02-21,New Valerieville,854
YellowGreen particularly table,2000-08-31,Davidberg,855
Khaki minute miss,2011-07-31,West Blake,856
Coral various former,1999-09-14,South Johnfort,857
DarkCyan billion up,1976-10-23,North Pamelaland,858
White coach provide,2009-04-21,Port Reneetown,859
Gainsboro force decision,1991-10-21,Port Gail,860
Teal society street,1975-02-10,Tannerton,861
MediumAquaMarine unit later,1981-04-11,Sierraton,862
RosyBrown upon represent,1987-01-31,Hollandport,863
DarkKhaki side long,2020-04-09,Douglasshire,864
LightSkyBlue politics Mrs,2015-08-30,Sullivanmouth,865
DimGray happy protect,1983-06-09,West Carlview,866
Red away apply,2019-04-10,Sharpport,867
PaleVioletRed view between,2003-03-18,Guzmanshire,868
Ivory us turn,1973-05-17,East Sara,869
PeachPuff drop cultural,1975-03-04,East Kristenton,870
Green west face,2007-11-03,West Henry,871
Magenta throw there,1971-03-03,West David,872
DarkRed glass foot,2019-11-25,Morganberg,873
DodgerBlue individual we,2008-11-16,Snyderport,874
Lime yourself believe,1972-06-19,Shannonside,875
DarkTurquoise huge something,2019-08-18,Katieland,876
MintCream left buy,1999-12-29,Kellyhaven,877
DimGray four power,2020-09-24,North Tracystad,878
DarkGoldenRod meet improve,1996-06-21,Masonmouth,879
SandyBrown him reduce,1984-04-16,Jenniferfort,880
DarkOrchid inside card,1975-11-21,New Janeborough,881
Beige light foot,1970-03-19,West Samanthaport,882
HotPink although away,1988-07-06,Mcdowellhaven,883
Pink also reach,2015-09-21,Katelynside,884
Olive factor painting,2018-07-01,South Nathaniel,885
Red low stage,1977-07-13,Kristystad,886
Cornsilk various site,2020-05-31,South Joan,887
OrangeRed personal speech,2000-11-10,Brendashire,888
LightSteelBlue ok job,2015-12-09,South Derrickburgh,889
Cornsilk chair medical,1981-05-22,North Lisa,890
LightYellow treat key,1987-07-31,North Edwin,891
LightCyan view a,1987-09-21,Michaelberg,892
ForestGreen arrive work,1978-10-18,South Darlenechester,893
White majority charge,1997-11-21,Riveraberg,894
Cyan company can,2011-06-21,Gilbertfort,895
Red success finish,2006-05-22,East Jenniferview,896
SandyBrown cultural trial,1970-01-15,Meganburgh,897
MediumSpringGreen media law,1999-03-11,Wilcoxchester,898
SpringGreen west to,1989-07-31,Raymondmouth,899
Maroon matter oil,2003-09-05,Lake Lynn,900
Moccasin relationship stuff,1973-02-06,North Brad,901
PaleGoldenRod hair over,2016-11-01,East Larryfort,902
Orchid good develop,1980-07-31,Port Jared,903
DarkOrange same sense,2018-02-10,Bakerport,904
MediumBlue sense light,1993-09-19,Leville,905
YellowGreen star step,1978-11-21,Michaelside,906
LightGray fast strategy,1984-05-09,East Chris,907
PaleGoldenRod product certain,1994-09-02,Carrilloshire,908
Khaki easy property,1986-11-27,New Marcus,909
DarkViolet whose personal,2005-11-28,North Tracy,910
FireBrick night letter,1991-06-16,Vegaberg,911
DeepSkyBlue line huge,2016-05-09,Scottborough,912
DarkViolet cover store,2015-08-30,South Carlostown,913
Indigo goal strategy,1996-11-27,Morrisonshire,914
Violet pattern nice,2001-05-23,New Eddiemouth,915
Tomato whole within,1994-09-24,New Stephanie,916
LightSlateGray laugh suddenly,2019-07-22,Reedburgh,917
BlueViolet simply spring,1972-08-20,Lake Steven,918
DarkSlateGray return full,1988-09-23,Santostown,919
DarkOrchid during suddenly,2019-11-20,North Aaron,920
Gainsboro rest pattern,1971-03-18,Port Mary,921
LightCyan skill alone,1997-01-19,Port Alejandratown,922
CornflowerBlue major show,2013-04-17,West Alyssaton,923
DodgerBlue feel provide,1989-03-28,Wrightville,924
MediumSlateBlue down table,1978-10-29,Moraleshaven,925
MediumPurple air nor,1993-08-01,West Manuel,926
DarkKhaki author enough,1997-11-06,South Jesusstad,927
DarkGoldenRod dinner particularly,1986-11-02,Melissamouth,928
BlanchedAlmond interest Mrs,2009-09-12,East Taylor,929
SaddleBrown reveal million,1991-04-26,Port Jasminestad,930
PaleTurquoise when national,1977-10-23,Dianestad,931
DarkMagenta size audience,1974-03-29,South Amandaside,932
DarkMagenta former military,1980-07-13,Frankfurt,933
Crimson certainly him,2020-10-12,Samuelfurt,934
FireBrick remember project,2014-06-07,Smithhaven,935
Chartreuse on threat,2010-07-09,South Joan,936
Yellow mouth physical,1977-11-13,Robertburgh,937
DarkOrange again accept,2000-06-02,South Geraldmouth,938
DarkTurquoise simple kind,1977-03-06,Rossshire,939
PaleVioletRed right station,2002-06-09,Lake Jillianburgh,940
DarkOrchid use soon,1978-10-01,Martinmouth,941
DarkGreen political there,1973-12-12,East Rebecca,942
MediumSpringGreen decision authority,2003-04-02,New Krista,943
PaleTurquoise fight blood,2018-05-14,Smithburgh,944
DarkOliveGreen structure be,2013-08-21,Port Josestad,945
LightGoldenRodYellow third build,1987-04-17,New Robertland,946
DarkRed product include,2008-02-14,Lake Michael,947
SlateBlue type mother,1970-03-29,New Paul,948
PaleTurquoise care leave,1993-07-27,Vincentberg,949
LightSeaGreen foreign too,2012-11-25,Martinton,950
Chartreuse likely thus,1984-11-10,East Jennifertown,951
HoneyDew training option,2011-11-10,Davidport,952
OldLace matter language,2016-10-29,Zamorabury,953
YellowGreen thought from,2009-11-21,West Pennyfort,954
LimeGreen many character,1988-09-19,Brownview,955
MediumSpringGreen two although,1998-09-24,Bakerfurt,956
MintCream church country,1992-01-22,Alexisfort,957
LightCoral sometimes bring,1996-12-26,Kathleenview,958
PowderBlue so at,1983-05-26,Brockfurt,959
Chocolate unit see,1987-12-22,West Susan,960
Lime measure still,1974-05-24,Port Kristineview,961
LightSteelBlue relate language,1975-03-27,Port Laura,962
DarkOrchid mouth become,1991-08-16,South Kayla,963
AntiqueWhite yet job,1971-09-28,East Nicholehaven,964
MistyRose traditional interest,2011-11-25,Lake Theresa,965
SaddleBrown indicate sing,2012-12-12,South Christiefort,966
DarkGoldenRod civil enter,1995-10-26,South Willie,967
Red ability property,1973-08-19,Harmonton,968
DarkGoldenRod attack letter,2010-09-20,Gallegosville,969
LightGray thus agency,1998-12-03,New Juan,970
MediumSpringGreen response anything,2006-07-23,Victoriahaven,971
Beige race agree,1988-07-22,North Tammy,972
Indigo service find,1991-05-22,East Dennisberg,973
Yellow example tree,2011-01-15,West Taylormouth,974
PapayaWhip meet or,1978-01-25,Mitchellmouth,975
LightCyan call upon,1981-02-04,West John,976
SeaShell laugh perform,2016-10-18,Thomasport,977
DarkCyan charge finally,2020-09-13,West Christopherview,978
CadetBlue interview teach,2004-08-28,Alexanderchester,979
Aqua brother act,2008-06-29,Meganshire,980
DarkRed throw none,1971-08-05,Port Stephaniechester,981
DeepSkyBlue my room,1981-10-07,North Julie,982
Sienna figure star,1987-12-31,New Robin,983
LightSalmon both seven,1971-12-07,Brianton,984
DarkViolet author morning,1992-08-11,Port Kellyland,985
Lavender paper source,2009-04-12,New Jenniferchester,986
MediumTurquoise else base,2006-07-29,East Jonathan,987
DarkRed run institution,2005-07-09,Emilytown,988
GoldenRod fall boy,1998-01-07,Gibsonview,989
PaleGreen worry camera,2013-08-02,South Valeriestad,990
DarkSeaGreen sister level,2007-01-30,New Pamelafort,991
SeaShell enough because,2012-08-02,North Randy,992
DarkMagenta bar group,2019-06-05,Lorimouth,993
DimGray apply other,2012-12-24,East Mariahville,994
SeaGreen Congress next,2018-05-15,North Lisa,995
Green free must,1975-11-06,South Kimberly,996
DarkViolet trouble computer,1997-04-28,Collinfort,997
LightGoldenRodYellow economic walk,1983-02-21,Paulmouth,998
Gray later however,1971-09-03,East Brittanyland,999
LightGoldenRodYellow throughout assume,1989-09-22,South Samuelfurt,1000
